Club,Chemistry_Index_100,NationalityDiversity,WorkRate_Balance,International Reputation,Age
1. FC Heidenheim 1846,29.21800917386984,-1.459057125370132,0.8306214236075148,-0.4919609482380983,-0.7505399856847956
1. FC Kaiserslautern,20.28364533244839,-0.4657539215887402,0.4028494583219789,-0.4919609482380983,-0.8521221364864557
1. FC Köln,36.10985589188329,-0.2174281206433922,0.662178017690601,0.9789903502060066,-0.5383058491884682
1. FC Magdeburg,23.00960781413524,-0.4657539215887402,0.4100258019006706,-0.3159496817576067,-0.2934203070773227
1. FC Nürnberg,24.147846425728627,0.5275492821926517,0.3351007313312795,-0.1763545393765282,-0.8871504643490982
1. FC Union Berlin,37.70037752834638,0.2792234812473037,0.7170146472174607,-0.3285219150776417,0.0748149895786957
1. FSV Mainz 05,34.73818256092148,1.5208524859740435,0.4731539318807082,0.2230848218388972,-0.9568787295006684
AC Ajaccio,36.19763298313941,-0.9624055234794362,0.737968387075944,-0.2929916904775431,1.259019954087184
AC Horsens,37.601042702951695,-0.7140797225340882,0.907036784644658,-0.4919609482380983,-0.0902560054740025
AD Alcorcón,37.35955788216483,-0.9624055234794362,0.8072200391632541,-0.4919609482380983,1.1620067156154334
ADO Den Haag,34.56061840422735,-0.2174281206433922,0.7180377512024348,-0.1650828819171862,-0.3024901419703298
AEK Athens,43.94840639479225,0.5275492821926517,0.9238216755257592,-0.3285219150776417,-0.3968164248575856
AFC Wimbledon,31.158554928765653,-0.9624055234794362,0.8396961438013196,-0.4919609482380983,-1.004495362688946
AIK,28.62093827691693,0.0308976803019557,0.4128178870001454,-0.322468617553181,0.6189378991968484
AJ Auxerre,34.64960058440333,0.5275492821926517,0.5663351769383034,-0.1529762868682629,0.0320188056761454
AS Béziers,42.15658286425276,0.2792234812473037,0.8396961438013196,-0.4919609482380983,0.4176547485343004
AS Monaco,48.1914456205356,2.514155689755436,0.5968810436791683,1.865523287652117,-1.3708067549737213
AS Nancy Lorraine,46.58357362741929,0.5275492821926517,0.9803892310823982,-0.3394178506216721,-0.1342749374880552
AS Saint-Étienne,32.139608893969815,-0.7140797225340882,0.4259720132840706,1.98686438802882,0.1848623196138287
AZ Alkmaar,27.28924111166349,0.5275492821926517,0.4682710168280097,-0.0343316553888207,-1.366805033881536
Aalborg BK,35.29899947359772,-0.2174281206433922,0.8498090303294713,-0.322468617553181,-1.1662743435952951
Aarhus GF,22.883557841690635,0.5275492821926517,0.3320737225304647,-0.4919609482380983,-0.8972697590649713
Aberdeen,25.7867588347107,-0.4657539215887402,0.5550571990877494,-0.4919609482380983,-0.6527201367646777
Accrington Stanley,21.343612715115448,-0.4657539215887402,0.3685537203339405,-0.4919609482380983,-0.2081638590830717
Adelaide United,22.72765222279873,-0.4657539215887402,0.4441081968851632,-0.4919609482380983,-0.5128377528089104
Ajax,32.272120545495206,1.2725266850286956,0.3359850465848885,1.9487286136247133,-1.8730227520431435
Akhisar Belediyespor,38.87813891049158,1.0242008840833476,0.3558738500639645,-0.3159496817576067,2.728648679272076
Al Ahli,32.63802858514004,-0.2174281206433922,0.5384736615955525,0.1182114422276044,0.5260090427227379
Al Batin,22.81760446365802,-0.9624055234794362,0.4742724940099886,-0.4919609482380983,-0.0242276074529222
Al Faisaly,29.30320977254374,-0.2174281206433922,0.4678646682209329,-0.4919609482380983,0.8561510328281344
Al Fateh,28.20062231413075,0.0308976803019557,0.500692050702384,-0.4919609482380983,-0.1610007176394449
Al Fayha,31.016954400533415,0.0308976803019557,0.4742129024833706,-0.3285219150776417,0.7586805405113022
Al Hazem,33.80774919831103,0.0308976803019557,0.6326946124528312,-0.4919609482380983,0.2618954506384215
Al Hilal,38.58057038246548,0.2792234812473037,0.5395513879979825,0.5758407350768819,1.0542362268913728
Al Ittihad,25.001050829485795,-0.4657539215887402,0.4136266218916571,-0.1868747530052469,0.129838654596261
Al Nassr,35.379555879510214,-0.4657539215887402,0.6557739017705472,-0.0185513349457427,0.7521752796225258
Al Qadisiyah,33.10084769922355,-0.7140797225340882,0.7723749279026627,-0.4919609482380983,-0.1562844034950827
Al Raed,34.33242619682749,0.0308976803019557,0.6319530287396372,-0.3394178506216721,0.2618954506384215
Al Shabab,16.74619561657731,-0.7140797225340882,0.2821447375802243,-0.3394178506216721,-0.5524547916215572
Al Taawoun,37.42272950200187,-0.2174281206433922,0.7414424307633645,-0.4919609482380983,0.6838700402903757
Al Wehda,28.85554634212949,-0.4657539215887402,0.5374002320175738,0.1182114422276044,-0.2223128015161606
Alanyaspor,38.160502493664886,0.7758750831379997,0.4670540830288193,0.1182114422276044,1.3623687509897418
Albacete BP,26.37760336591303,0.5275492821926517,0.3746678356842307,-0.3394178506216721,-0.420397995579399
Alianza Petrolera,25.27456187178609,-0.9624055234794362,0.5535621551975376,-0.4919609482380983,-0.0430928640303734
Amiens SC,34.55555968425065,1.5208524859740435,0.4515313126453986,-0.0185513349457427,-0.5456242676883429
América FC (Minas Gerais),27.622802028603093,-1.70738292631548,0.500692050702384,-0.4919609482380983,2.2867663232848536
América de Cali,29.13260570266369,-0.4657539215887402,0.4737664429171345,-0.3285219150776417,0.9473331062858162
Angers SCO,35.15513732504303,0.2792234812473037,0.539011986082848,0.1182114422276044,0.5260090427227379
Antalyaspor,30.18107279001219,-0.2174281206433922,0.4183021592601241,-0.0343316553888207,1.0982551589054257
Argentinos Juniors,28.01457360640338,-0.9624055234794362,0.7129512216677165,-0.3285219150776417,-0.915610980737494
Arka Gdynia,43.91176905596345,0.5275492821926517,0.8781197572465419,-0.4919609482380983,0.2032035412863489
Arsenal,51.96555329334968,2.01750408786474,0.420500137360761,4.223007523542332,-0.3503678764661335
Ascoli,20.47056977317957,0.0308976803019557,0.2615955772118085,-0.4919609482380983,-0.2003033355091354
Aston Villa,41.98363946869086,1.5208524859740435,0.5447684498536773,0.5758407350768819,0.1518481206032886
Atalanta,40.214882098603326,1.5208524859740435,0.4730242088488642,1.224148899946691,-0.3928861630706152
Athletic Club de Bilbao,25.06902768254565,-1.459057125370132,0.4293519997765201,1.4271296346782254,-0.2393523881022465
Atiker Konyaspor,54.22051127356079,2.01750408786474,0.8483233632250299,-0.4919609482380983,1.3281318038677017
Atlanta United,42.98191570026081,0.0308976803019557,0.9548575443163302,-0.3341577438073127,-0.2268664841383051
Atlético Bucaramanga,31.91392725125881,-0.9624055234794362,0.6683341926010954,-0.4919609482380983,0.853006823398558
Atlético Huila,31.24562884355352,-0.9624055234794362,0.8306214236075148,-0.4919609482380983,-0.8920294100156805
Atlético Madrid,47.70374851637213,0.7758750831379997,0.6203227805524121,3.529629807104034,-0.9106088293722604
Atlético Mineiro,21.879607099333757,-1.70738292631548,0.3061105995183477,-0.4919609482380983,2.418823119327012
Atlético Nacional,30.530331687828404,-1.459057125370132,0.8347550183128553,-0.4919609482380983,-0.3968164248575856
Atlético Paranaense,35.76246275130971,-1.70738292631548,0.6319530287396372,-0.4919609482380983,3.47527748766428
Atlético Tucumán,22.903999965544248,-1.459057125370132,0.3693652840073954,-0.4919609482380983,1.749106510827492
Audax Italiano,15.38633782903893,-0.9624055234794362,0.3316106985239522,-0.4919609482380983,-0.8920294100156805
BB Erzurumspor,35.66339274816536,0.5275492821926517,0.4761152760784882,-0.3089092310983872,1.3623687509897418
BK Häcken,24.123794772244818,-0.4657539215887402,0.4128178870001454,-0.4919609482380983,0.2032035412863489
BSC Young Boys,33.886053043614325,-0.4657539215887402,0.7712700459500813,-0.1106032041970343,-0.6955163206672302
Bahia,27.36823031874835,-1.70738292631548,0.395574490729651,-0.4919609482380983,3.211163895579963
Barnsley,36.29531625607568,0.7758750831379997,0.8306214236075148,-0.4919609482380983,-2.000363233940939
Bayer 04 Leverkusen,47.19433999006985,0.7758750831379997,0.6798796642004101,2.500230581930252,-0.5219801463810592
Beijing Renhe FC,35.958556105284266,-0.7140797225340882,0.6648024361690614,-0.1650828819171862,1.3718013792784685
Beijing Sinobo Guoan FC,31.84464198695267,-0.9624055234794362,0.5886042257893896,0.3252342175641824,0.7115173990676755
Belgrano de Córdoba,21.990177830908426,-1.210731324424784,0.480475722998717,-0.322468617553181,-0.1391659299340603
Benevento,42.63272104005833,-0.2174281206433922,0.8148930965884991,-0.1258575139586762,1.1510778773222878
Beşiktaş JK,44.35725094600216,0.2792234812473037,0.4356279559236051,3.267136814452392,0.8765883941203737
Birmingham City,30.1551281826424,0.2792234812473037,0.4670540830288193,-0.1868747530052469,0.0418007905681556
Blackburn Rovers,20.41416459372862,-0.2174281206433922,0.3386375901948377,-0.1868747530052469,-0.9046062477339812
Blackpool,34.442092004280525,0.0308976803019557,0.7119425513552106,-0.4919609482380983,-0.3024901419703298
Boavista FC,35.79901050517012,0.5275492821926517,0.5663351769383034,-0.4919609482380983,0.7412127103469963
Boca Juniors,21.913036922296357,-0.9624055234794362,0.3003930241091254,0.3555007051864887,0.4477531635866426
Bohemian FC,12.316341487737802,-1.459057125370132,0.4736059231973738,-0.4919609482380983,-2.414455615815994
Bologna,55.72203791191765,2.2658298888100874,0.8251732276538287,0.8155513170455511,0.2163044139095806
Bolton Wanderers,37.7666522883868,-0.2174281206433922,0.6452408303389159,-0.3394178506216721,1.5384444790459526
Borussia Dortmund,55.96500841131723,1.7691782869193915,0.706450570015966,4.084331980254673,-1.35079814951279
Borussia Mönchengladbach,45.33318953941219,1.0242008840833476,0.6349298432819509,2.1012717112411385,-0.5964737236356099
Botafogo,31.59079680326017,-1.70738292631548,0.500692050702384,-0.4919609482380983,3.47527748766428
Bournemouth,40.902832404573736,0.7758750831379997,0.7536028363365104,0.0800756678234981,-0.5029334931057482
Boyacá Chicó FC,37.578539345736345,-0.7140797225340882,0.9088059510740522,-0.4919609482380983,-0.1138375761958158
Bradford City,32.51210807348946,0.2792234812473037,0.592066875943239,-0.4919609482380983,-0.1138375761958158
Bray Wanderers,11.346744309656993,-1.210731324424784,0.3526192595898177,-0.4919609482380983,-1.9275679504083845
Brentford,42.51306335728283,0.7758750831379997,0.9967004701075646,-0.4919609482380983,-1.7189564899939578
Brescia,28.93890471514985,-0.2174281206433922,0.6356784340476626,-0.3394178506216721,-1.014653577769112
Brighton & Hove Albion,52.24914459698924,3.25913309259148,0.6242653463683936,0.3660939758542963,0.0748149895786957
Brisbane Roar,49.78356702948023,0.0308976803019557,0.9872486141284113,0.1049468250435671,1.0293559609703855
Bristol City,32.10040115072793,1.2725266850286956,0.4678646682209329,-0.4919609482380983,-0.5524547916215572
Bristol Rovers,31.191912271047865,-0.4657539215887402,0.6561342194465626,-0.4919609482380983,0.0040702774132533
Brøndby IF,24.58110417754224,0.0308976803019557,0.420476342747446,-0.4919609482380983,-0.4815354011544719
Burnley,37.720823055004864,0.5275492821926517,0.5361447379220913,0.6174433980631796,0.4099591310493257
Bursaspor,47.95109057366507,0.7758750831379997,0.9912034167128588,-0.0343316553888207,-0.5304453256145321
Burton Albion,30.2404524308786,-0.7140797225340882,0.6630505185210662,-0.4919609482380983,0.0276518481350666
Bury,36.63200849237008,0.0308976803019557,0.7139627541755055,-0.4919609482380983,0.3342122675186498
CA Osasuna,35.42202154362476,-1.70738292631548,0.9125635594689432,-0.4919609482380983,0.7020847707789487
CD Antofagasta,36.94203985607914,-1.210731324424784,0.9154189050674876,-0.4919609482380983,0.3813754089622789
CD Aves,35.28281415016024,0.5275492821926517,0.5011907263880547,-0.4919609482380983,1.2067303842257704
CD Everton de Viña del Mar,23.56354349014724,-0.9624055234794362,0.5663351769383034,-0.4919609482380983,-0.6771750989947077
CD Feirense,44.64356517341276,0.0308976803019557,0.881351895467909,-0.3159496817576067,0.9509610402430172
CD Huachipato,24.579691946842512,-0.2174281206433922,0.5676602222636166,-0.4919609482380983,-1.5086438148157066
CD Leganés,37.909041467115614,0.0308976803019557,0.7056100750528114,0.2014167682002007,0.0498042327525286
CD Lugo,27.27676332706215,0.0308976803019557,0.473439573153366,-0.4919609482380983,-0.1782938695021079
CD Nacional,28.68659191918704,1.0242008840833476,0.3553326095574458,-0.3159496817576067,-0.3188158447777389
CD Numancia,21.197271892497177,-1.210731324424784,0.4348750257945605,-0.4919609482380983,0.239885984631394
CD O'Higgins,17.12299492058415,-1.210731324424784,0.3834725698077214,-0.4919609482380983,-0.4911427077448415
CD Palestino,27.33850707196065,-0.9624055234794362,0.55295388047085,-0.3285219150776417,0.4049569796840923
CD Tenerife,30.29967244999288,0.0308976803019557,0.5431221385684677,-0.4919609482380983,0.0638102565751831
CD Tondela,30.237277854480816,0.5275492821926517,0.4441081968851632,-0.3089092310983872,0.0418007905681556
CD Universidad de Concepción,34.31919869248164,-1.210731324424784,0.6885782260474452,-0.322468617553181,1.5726814261679951
CF Rayo Majadahonda,26.178321267770443,-0.7140797225340882,0.4755919173271724,-0.4919609482380983,0.5954235124372068
CF Reus Deportiu,17.889171173639294,-0.7140797225340882,0.3685537203339405,-0.4919609482380983,-0.8684478392938648
Cagliari,42.71542004557425,-0.2174281206433922,0.4719889797224251,1.98686438802882,2.165714260246208
Cambridge United,26.50116373198027,-0.7140797225340882,0.5899844142144849,-0.4919609482380983,-0.3968164248575856
Cardiff City,48.06119809129413,1.0242008840833476,0.8652924023599929,-0.3532854049504386,0.6700710020414566
Carlisle United,32.46126781722308,-0.4657539215887402,0.7004342704710589,-0.4919609482380983,-0.0374332870571401
Carpi,29.523674818713012,0.2792234812473037,0.5464247720782922,-0.4919609482380983,-0.5744642576285848
Ceará Sporting Club,42.65366115582626,-1.70738292631548,0.8626562741487288,-0.4919609482380983,3.343220691622121
Celtic,56.37139208219557,2.01750408786474,0.9255207749398372,0.3252342175641824,0.3577938382404632
Central Coast Mariners,25.42084650368548,-0.7140797225340882,0.5626313413163381,-0.4919609482380983,-0.4600150343920458
Cerezo Osaka,33.412007237175736,-0.4657539215887402,0.5395513879979825,-0.1868747530052469,1.4504066150178472
Chamois Niortais Football Club,20.37599812572157,-0.2174281206433922,0.4746602042965065,-0.4919609482380983,-1.8824553803318704
Changchun Yatai FC,31.63753333936607,-0.7140797225340882,0.5511370506764771,-0.1650828819171862,1.1595672427821413
Chapecoense,26.85453085014483,-1.70738292631548,0.351665999960921,-0.4919609482380983,3.47527748766428
Charlton Athletic,30.376851331973143,0.7758750831379997,0.5031954022112239,-0.4919609482380983,-0.6562137027975398
Chelsea,67.60293122584649,1.7691782869193915,0.8627748476113194,4.639034153405311,0.0498042327525286
Cheltenham Town,24.01044972304902,-0.4657539215887402,0.4053980264997728,-0.4919609482380983,0.239885984631394
Chicago Fire,34.42302696412032,1.2725266850286956,0.3511216167070281,0.3039160828041232,0.3977799798991928
Chievo Verona,37.8611416557374,0.2792234812473037,0.3318293678284859,1.6327464828478306,1.6783617986620494
Chongqing Dangdai Lifan FC SWM Team,30.781629347357708,-1.459057125370132,0.5899844142144849,-0.4919609482380983,2.0085037887674457
Cittadella,32.56577800455074,-1.70738292631548,0.9513715774404028,-0.4919609482380983,-0.5228558545776254
Clermont Foot 63,28.46542521041312,0.0308976803019557,0.5626313413163381,-0.4919609482380983,-0.6713059080594997
Club América,25.236782719073226,-0.2174281206433922,0.4142622382610607,0.1182114422276044,-0.5084358596075045
Club Atlas,23.768010354331352,0.0308976803019557,0.4507502994048151,-0.3341577438073127,-1.1831398347884186
Club Atlético Aldosivi,37.66767232618989,-1.210731324424784,0.8292526410500637,-0.4919609482380983,1.4189645207220951
Club Atlético Banfield,16.417519001307866,-1.210731324424784,0.3644195479234509,0.0165160438166542,-1.068454494675177
Club Atlético Colón,38.74055353086047,-1.210731324424784,0.9154189050674876,0.1617951844037258,0.2163044139095806
Club Atlético Huracán,34.248363880575745,-0.9624055234794362,0.7170146472174607,-0.4919609482380983,1.0888225306166988
Club Atlético Lanús,32.6192679219723,-0.9624055234794362,0.8292526410500637,-0.4919609482380983,-0.4675611370230281
Club Atlético Talleres,37.691417665977184,-0.2174281206433922,0.9055351739404618,-0.4919609482380983,-0.7977031271284247
Club Atlético Tigre,38.91201315308528,-1.459057125370132,0.8347550183128553,-0.3285219150776417,1.9377590766020056
Club Brugge KV,25.729557214493703,1.2725266850286956,0.3305216607728984,-0.1650828819171862,-1.5051502487828443
Club Deportes Temuco,25.241467490249285,-1.210731324424784,0.500194366376859,-0.4919609482380983,0.8294252526767447
Club León,21.991111739518164,-0.2174281206433922,0.3083990391548476,-0.3394178506216721,0.0197913245611304
Club Necaxa,25.134938345397742,-0.4657539215887402,0.4674590242315848,-0.3394178506216721,-0.1782938695021079
Club Tijuana,31.06153634531401,-0.4657539215887402,0.7139627541755055,-0.4919609482380983,-0.5854689906320973
Clube Sport Marítimo,27.28570861539795,0.0308976803019557,0.35312470820719,-0.094022432716988,0.5413199755971901
Colchester United,16.974428604841172,-0.7140797225340882,0.4363834977777157,-0.4919609482380983,-1.7881290974446142
Colo-Colo,35.879192832269666,-1.210731324424784,0.8265285651928402,-0.0016438487567296,0.3813754089622789
Colorado Rapids,28.24605414450928,0.5275492821926517,0.3107111826882913,-0.094022432716988,0.4839039773179917
Columbus Crew SC,28.280989283278814,0.2792234812473037,0.360625628186094,-0.1399384152771161,0.4430502862347142
Cork City,12.81774320910064,-1.70738292631548,0.3594690877503562,-0.4919609482380983,-0.8033627041016579
Cosenza,22.42403826640122,-0.7140797225340882,0.4133095445817991,-0.4919609482380983,0.0638102565751831
Coventry City,34.996740330262874,-0.4657539215887402,0.9121004418399142,-0.4919609482380983,-1.2929161122865196
Cracovia,35.13722404224796,0.2792234812473037,0.6876024964743821,-0.4919609482380983,-0.2369857788541782
Crawley Town,30.844730790171653,0.2792234812473037,0.4735435282335589,-0.4919609482380983,0.5150043097192253
Crewe Alexandra,26.840428161360176,-0.7140797225340882,0.6639253216389924,-0.3285219150776417,-1.175008258677448
Crotone,44.45100774781719,0.5275492821926517,0.9448129641385332,-0.3012820762175658,-0.4754216605969644
Cruz Azul,36.48052239361429,0.0308976803019557,0.6359783648423164,-0.3089092310983872,0.8341415668211069
Cruzeiro,27.31733144944874,-1.70738292631548,0.352355467618364,-0.4919609482380983,3.60733428370644
Crystal Palace,50.01492538120908,1.7691782869193915,0.6810813754148095,1.36715805396209,0.0335472408155211
Curicó Unido,22.014586052874577,-0.9624055234794362,0.2850128614290004,-0.4919609482380983,1.5368723743311667
Cádiz CF,44.66067230480616,-0.2174281206433922,0.985766665993655,-0.4919609482380983,0.5260090427227379
Córdoba CF,23.078216065620303,-0.4657539215887402,0.4107466510120369,-0.4919609482380983,-0.0902560054740025
DC United,46.7384444573472,0.7758750831379997,0.8251732276538287,0.1617951844037258,0.4757016918495347
DSC Arminia Bielefeld,27.74330821394094,-0.2174281206433922,0.5517413325929527,-0.3285219150776417,-0.5854689906320973
Daegu FC,11.116194778568548,-1.459057125370132,0.285822283454114,-0.4919609482380983,-0.9863556929029365
Dalian YiFang FC,41.30111741802695,-0.7140797225340882,0.8306214236075148,0.1617951844037258,1.041659389173072
Dalkurd FF,34.11992042016213,-0.2174281206433922,0.6692968377042736,-0.4919609482380983,0.3813754089622789
De Graafschap,23.964210704504552,-1.210731324424784,0.6467889183762167,-0.4919609482380983,-0.948625179748034
Defensa y Justicia,19.502231146495923,-0.9624055234794362,0.3831805702095462,-0.3285219150776417,-0.3260717126921432
Deportes Iquique,30.879973752143886,-0.9624055234794362,0.6630505185210662,-0.4919609482380983,0.5936095454586039
Deportes Tolima,19.66532876828653,-0.9624055234794362,0.3696366000738181,-0.4919609482380983,0.0276518481350666
Deportivo Alavés,25.921028664499868,0.2792234812473037,0.3644195479234509,-0.1529762868682629,-0.2858957033142383
Deportivo Cali,19.871180471212814,-1.210731324424784,0.4154448025480963,-0.4919609482380983,0.0276518481350666
Deportivo Pasto,26.799488238208447,-1.210731324424784,0.554171769658401,-0.4919609482380983,0.782262111233118
Deportivo Toluca,26.51266946384717,-0.4657539215887402,0.3852339559911278,-0.1650828819171862,0.8294252526767447
Deportivo de La Coruña,28.837370570150966,-0.2174281206433922,0.4142622382610607,0.1182114422276044,0.5700279747367906
Derby County,47.65706703744036,-0.2174281206433922,0.9948613568617236,0.1182114422276044,0.6800753047719236
Derry City,14.98319459955309,-1.210731324424784,0.4744115991665127,-0.4919609482380983,-1.997743059416294
Dijon FCO,42.865583336875176,1.0242008840833476,0.682860337300362,-0.1399384152771161,0.6208190501376206
Dinamo Zagreb,34.85398243665047,1.2725266850286956,0.5011907263880547,-0.1650828819171862,-0.3968164248575856
Djurgårdens IF,35.755622364642015,-0.7140797225340882,0.8075696899945489,-0.1258575139586762,-0.0902560054740025
Doncaster Rovers,27.19037246576772,-0.2174281206433922,0.5899844142144849,-0.4919609482380983,-0.9391925514593072
Dundalk,29.64435552407581,-1.210731324424784,0.7353427648304699,-0.4919609482380983,-0.0902560054740025
Dundee FC,35.9526025823606,0.2792234812473037,0.6915221008925482,-0.322468617553181,-0.2125308166241505
Dynamo Kyiv,22.762752154409004,-0.2174281206433922,0.4371416649696243,-0.3285219150776417,-0.9863556929029365
ESTAC Troyes,52.70237191634317,1.0242008840833476,0.985766665993655,-0.0343316553888207,0.5700279747367906
Eintracht Braunschweig,20.98570334490377,0.2792234812473037,0.330956416386034,-0.4919609482380983,-1.0806819757901922
Eintracht Frankfurt,43.290757058987325,2.514155689755436,0.3708892868358809,1.3108211145014783,-0.0902560054740025
Elche CF,36.862615944182366,-0.2174281206433922,0.6838597113332675,-0.3159496817576067,0.8747744271417709
Empoli,41.70812792113019,2.514155689755436,0.4580285811084471,0.0627412249125401,-0.0502387945521351
En Avant de Guingamp,42.997154635297264,-0.2174281206433922,0.907036784644658,0.2402459203207447,-0.0110219278487066
Envigado FC,17.152535813567837,-1.459057125370132,0.5872304798198619,-0.4919609482380983,-2.0475263753845683
Esbjerg fB,32.59107964893418,0.5275492821926517,0.6359783648423164,-0.4919609482380983,-0.8825967817269538
Estudiantes de La Plata,28.322907424508248,-1.459057125370132,0.6639253216389924,-0.1650828819171862,0.2163044139095806
Ettifaq FC,24.63609006543143,0.0308976803019557,0.4666498427878285,-0.4919609482380983,-0.9046062477339812
Everton,55.42254752237847,1.2725266850286956,0.909825850041504,2.142874374227436,-0.6104797474582644
Excelsior,19.0282108963794,0.0308976803019557,0.2434384457972578,-0.3159496817576067,-0.6489578348831355
Exeter City,28.53173545022759,-0.7140797225340882,0.6613078100708771,-0.4919609482380983,-0.4675611370230281
Extremadura UD,28.237885701833232,-0.4657539215887402,0.4726095727313743,-0.3394178506216721,0.7020847707789487
FC Admira Wacker Mödling,27.569560995919783,0.0308976803019557,0.686629528246366,-0.4919609482380983,-2.12001787056644
FC Augsburg,42.20434077914778,0.7758750831379997,0.6591082156119302,1.1318849296141749,-0.345849804265277
FC Barcelona,51.92917711287323,1.0242008840833476,0.5194515148077232,5.19373632655595,-0.8505830129894617
FC Basel 1893,42.466321452012544,1.2725266850286956,0.689556728737565,0.5249930358714069,-0.6527201367646777
FC Bayern München,48.58105616137392,0.2792234812473037,0.3578389755697508,6.451380046716451,-0.5456242676883429
FC Carl Zeiss Jena,34.71593676586518,-0.2174281206433922,0.8292526410500637,-0.4919609482380983,-0.9627741221811228
FC Dallas,37.31542025735327,1.5208524859740435,0.5216273298569505,-0.0185513349457427,-0.3862453759133228
FC Emmen,33.367739970760766,-0.4657539215887402,0.7899953044844549,-0.4919609482380983,-0.6184831896426375
FC Energie Cottbus,39.485380092150656,-0.4657539215887402,0.9170872082704684,-0.4919609482380983,0.0040702774132533
FC Erzgebirge Aue,25.62388016297113,-0.4657539215887402,0.5195473937058197,-0.4919609482380983,-0.3634769628026076
FC Girondins de Bordeaux,29.765846653383505,1.2725266850286956,0.3174647985598423,0.6890178720181007,-1.091331717406495
FC Groningen,22.19268882071164,0.5275492821926517,0.4736635331443418,-0.4919609482380983,-2.452041011612609
FC Hansa Rostock,27.840172025999653,0.2792234812473037,0.4731072233934621,-0.4919609482380983,-0.3807809567667523
FC Ingolstadt 04,47.31308601643028,0.5275492821926517,0.9930290181846376,-0.1868747530052469,-0.2003033355091354
FC København,25.68368860344814,0.2792234812473037,0.2559644062534135,0.1049468250435671,0.3977799798991928
FC Lorient,45.81699788172726,0.5275492821926517,0.9875722773001896,-0.1868747530052469,-0.5964737236356099
FC Lugano,41.83383206070864,1.5208524859740435,0.6747808173428878,-0.322468617553181,-0.1636208921640903
FC Luzern,20.34094727172504,0.0308976803019557,0.3281640047162323,-0.4919609482380983,-0.8728147968349436
FC Metz,25.592996438666905,1.0242008840833476,0.2900064504885338,-0.3159496817576067,-0.6235622971827193
FC Midtjylland,29.528092079292133,0.7758750831379997,0.483829238643412,-0.4919609482380983,-0.7260850234547656
FC Nantes,37.11713680528435,1.7691782869193915,0.421142956180106,0.6521122838850945,-0.5854689906320973
FC Nordsjælland,26.724222656707383,-0.4657539215887402,0.8542974186990063,-0.4919609482380983,-3.220491170917762
FC Porto,44.401988612361095,1.0242008840833476,0.3861207309186122,3.594014880773304,-0.1138375761958158
FC Red Bull Salzburg,39.0064139633302,1.5208524859740435,0.6719774666487723,-0.1529762868682629,-1.1662743435952951
FC Schalke 04,41.55879579419135,1.7691782869193915,0.3348854154252193,2.1906935270852506,-0.0902560054740025
FC Seoul,20.5456573217245,-1.210731324424784,0.2546871697174058,-0.3285219150776417,1.5840355157747936
FC Sion,28.91118380486718,1.0242008840833476,0.3316198397056615,0.0165160438166542,-0.3837155522343539
FC Sochaux-Montbéliard,39.13763143139272,1.0242008840833476,0.9104502161639128,-0.4919609482380983,-2.2833420826027093
FC St. Gallen,40.38953147372924,0.7758750831379997,0.8046770518058765,-0.3089092310983872,-0.7241286264763644
FC St. Pauli,39.347653870926045,0.2792234812473037,0.7701683205482265,-0.1868747530052469,-0.0902560054740025
FC Thun,29.82985904691484,-0.7140797225340882,0.6838597113332675,-0.4919609482380983,-0.2934203070773227
FC Tokyo,39.000156302193496,-0.9624055234794362,0.985766665993655,-0.4919609482380983,-0.0462370734599498
FC Utrecht,35.21095638855331,-0.2174281206433922,0.8412078054899932,-0.4919609482380983,-0.928308749587702
FC Wacker Innsbruck,26.15042155429219,-0.4657539215887402,0.557608524609579,-0.322468617553181,-0.7505399856847956
FC Würzburger Kickers,20.073955100525108,-0.7140797225340882,0.4814291172647756,-0.4919609482380983,-1.2885491547454406
FC Zürich,31.432239301512663,0.5275492821926517,0.5676602222636166,-0.4919609482380983,-0.5793552500745898
FK Austria Wien,26.94572878198868,-0.2174281206433922,0.5689914825044343,-0.322468617553181,-0.9950896079850892
FK Bodø/Glimt,23.29800281289384,-0.4657539215887402,0.4741798025499846,-0.4919609482380983,-0.6282651745346476
FK Haugesund,19.805936846959444,-0.2174281206433922,0.4008729737096944,-0.4919609482380983,-1.35079814951279
FSV Zwickau,24.545976778396632,-0.9624055234794362,0.5633367722748559,-0.4919609482380983,-0.3543695975583188
Fenerbahçe SK,62.85322056109365,1.7691782869193915,0.7831106816122254,2.8639871993232675,1.296340352968664
Feyenoord,31.805789281308822,0.0308976803019557,0.6604398866328222,0.3252342175641824,-1.481568678061031
Fiorentina,48.6623733637438,1.0242008840833476,0.938644747578032,0.8427911559056269,-1.1357056408077577
Fleetwood Town,31.436771882303788,-0.9624055234794362,0.7190637790816179,-0.3285219150776417,0.0512334188568823
Fluminense,28.35265650608616,-1.70738292631548,0.4126768461176181,-0.4919609482380983,3.343220691622121
Foggia,28.39360843240628,-0.2174281206433922,0.4732548767734292,-0.322468617553181,0.349933314666527
Forest Green Rovers,38.1130354831438,-0.2174281206433922,0.9427479041146556,-0.4919609482380983,-1.025658310772627
Fortuna Düsseldorf,31.381249503855823,1.0242008840833476,0.4225975298005396,-0.0759343183751194,-0.4103936928489322
Fortuna Sittard,31.782805525084218,2.01750408786474,0.4814291172647756,-0.4919609482380983,-1.899923210496176
Frosinone,47.01622799821285,0.2792234812473037,0.9140324353043195,0.3400923114878604,0.2698988928227945
Fulham,54.9679767449202,2.762481490700784,0.9412050234531022,0.2230848218388972,-1.2251190964613032
GD Chaves,31.74186876473905,-0.4657539215887402,0.5640439744022344,-0.4919609482380983,1.0454324404885609
GFC Ajaccio,25.873151889782896,-0.4657539215887402,0.4745628930047545,-0.4919609482380983,0.1394079876427961
GIF Sundsvall,17.759553611306824,-0.4657539215887402,0.2795846900230732,-0.4919609482380983,-0.4347519951491981
Galatasaray SK,40.373257606447794,1.2725266850286956,0.4726095727313743,1.3385562231590098,-0.0902560054740025
Gamba Osaka,23.3236007263665,-1.210731324424784,0.4674590242315848,0.1182114422276044,-0.0902560054740025
Gangwon FC,35.4962759245355,-0.7140797225340882,0.6613078100708771,-0.3285219150776417,1.442546091443911
Genoa,40.65653282075792,1.5208524859740435,0.3652424400234065,1.5419470199809109,0.4232982013566148
Getafe CF,29.132374595183677,0.2792234812473037,0.4140773907898362,-0.1650828819171862,0.2163044139095806
Gillingham,21.152757760115605,-0.4657539215887402,0.4715466959193436,-0.4919609482380983,-1.2457529708428905
Gimnasia y Esgrima La Plata,26.284728879936136,-0.7140797225340882,0.5547827282845011,-0.3285219150776417,-0.3024901419703298
Gimnàstic de Tarragona,46.45318837617335,0.0308976803019557,0.985766665993655,-0.0343316553888207,0.1958670526173413
Girona FC,43.10176549788978,0.7758750831379997,0.809728259766421,-0.0185513349457427,-0.2724033103597377
Godoy Cruz,18.35765459285904,-1.210731324424784,0.5511370506764771,-0.4919609482380983,-1.717384385279172
Granada CF,25.283320458047733,-0.4657539215887402,0.4742437238170046,-0.3341577438073127,-0.2040980710275876
Grasshopper Club Zürich,27.93056577730097,1.2725266850286956,0.4179412515759027,-0.322468617553181,-1.5086438148157066
Grenoble Foot 38,36.1505459079537,0.2792234812473037,0.5600120985346171,-0.4919609482380983,1.2811030303484137
Grimsby Town,20.171184892686103,-0.7140797225340882,0.3586083601934123,-0.4919609482380983,-0.0902560054740025
Grêmio,30.68688499702396,-1.70738292631548,0.4999955695655611,-0.4919609482380983,3.211163895579963
Guadalajara,18.937690030398148,-1.70738292631548,0.4725238766877471,-0.1763545393765282,-0.3862453759133228
Guangzhou Evergrande Taobao FC,29.20188958998548,-1.459057125370132,0.503699079411082,0.4886732507246379,1.301056667113026
Guangzhou R&F; FC,24.36357025660597,-0.9624055234794362,0.4728760410277926,-0.4919609482380983,0.4521201211277214
Guizhou Hengfeng FC,28.42317887414464,-0.4657539215887402,0.3685537203339405,-0.1650828819171862,1.5604539450529802
Gyeongnam FC,30.37829819125058,-1.210731324424784,0.5899844142144849,-0.4919609482380983,1.513290803609351
Górnik Zabrze,8.188270855286108,-1.459057125370132,0.297372244962351,-0.4919609482380983,-1.973288097186264
Göztepe SK,36.76387220498744,1.2725266850286956,0.3448171252729675,0.3252342175641824,1.135985672060328
HJK Helsinki,18.373710732069924,-0.4657539215887402,0.3628660098890963,-0.3159496817576067,-1.2330552019926824
Hallescher FC,20.76799952008398,-1.459057125370132,0.6368798578218998,-0.4919609482380983,-1.4372353251040195
Hamburger SV,25.777692809646467,1.0242008840833476,0.3388504160736684,0.4232976374604557,-1.8290038200290903
Hamilton Academical FC,20.44148441376328,0.2792234812473037,0.2370384423947021,-0.4919609482380983,-0.3496532834139566
Hammarby IF,32.22751966949255,0.2792234812473037,0.5563299367734243,-0.322468617553181,-0.0413460810139447
Hannover 96,41.03694766552658,1.2725266850286956,0.6138499730408633,0.6126614827773984,-0.4545506152454753
Heart of Midlothian,30.86735319400025,0.7758750831379997,0.4208410113388349,-0.1529762868682629,-0.0902560054740025
Hebei China Fortune FC,33.248947435401256,-0.9624055234794362,0.501690396398928,0.6521122838850945,1.6076170864966093
Hellas Verona,30.61509736613356,1.0242008840833476,0.41558807993765,-0.3341577438073127,-0.2951717234704552
Henan Jianye FC,27.51237744091421,-0.9624055234794362,0.5892935118658222,-0.4919609482380983,0.2870491260750231
Heracles Almelo,24.08675685393175,0.0308976803019557,0.4523150371007292,-0.4919609482380983,-0.9326872905705308
Hertha BSC,32.03150421897351,1.0242008840833476,0.358778961648789,1.0811397459312917,-0.853709357592732
Hibernian,37.188451593144926,1.2725266850286956,0.5239158360628096,-0.4919609482380983,0.4379711786946324
Hobro IK,39.77703080082064,0.0308976803019557,0.8075696899945489,-0.4919609482380983,0.3851484602777678
Hokkaido Consadole Sapporo,45.49504843023715,-0.9624055234794362,0.9461900914635522,-0.1763545393765282,1.936132761379812
Holstein Kiel,18.16970955216832,-0.4657539215887402,0.305426426839008,-0.3341577438073127,-0.7277715725740781
Houston Dynamo,30.09417789586429,0.7758750831379997,0.3089291594376501,-0.3394178506216721,0.94418889685624
Huddersfield Town,41.58588078384685,1.0242008840833476,0.833135765069506,-0.2059426402073,-1.1219497245533667
Hull City,42.14827625206808,1.0242008840833476,0.7865379279374983,-0.1868747530052469,-0.5304453256145321
IF Brommapojkarna,22.48001521928161,-0.4657539215887402,0.4746257665082328,-0.4919609482380983,-0.8775176741868719
IF Elfsborg,30.78318394171528,-0.9624055234794362,0.689556728737565,-0.322468617553181,0.129838654596261
IFK Göteborg,18.451201960439008,-0.7140797225340882,0.4040093992378536,-0.4919609482380983,-1.0376199770807928
IFK Norrköping,41.26570073027333,0.0308976803019557,0.9448129641385332,-0.4919609482380983,-0.4754216605969644
IK Sirius,37.58759161320809,-0.9624055234794362,0.8483233632250299,-0.4919609482380983,0.8390325592671143
IK Start,38.77005239195277,-0.2174281206433922,0.9489703443105344,-0.4919609482380983,-0.8880991482287101
Incheon United FC,28.947687321335263,-0.7140797225340882,0.5505340909634348,-0.4919609482380983,0.7115173990676755
Independiente,26.373341279430228,-0.7140797225340882,0.4375217373471245,-0.1650828819171862,0.6643542576240464
Independiente Medellín,33.77369663349114,-0.9624055234794362,0.8333725896771528,-0.4919609482380983,-0.1610007176394449
Independiente Santa Fe,42.11148792753824,-1.210731324424784,0.9121004418399142,-0.4919609482380983,1.9613406473238195
Inter,65.8311921022848,1.2725266850286956,0.7063632295295591,4.8470474683368,1.5329421125441964
Internacional,34.06978169873942,-1.70738292631548,0.6341830135606735,-0.4919609482380983,2.947050303495647
Ipswich Town,26.890567397095648,0.0308976803019557,0.4717824774112017,-0.3394178506216721,-0.4424074615864266
Itagüí Leones FC,23.082008514884368,-1.459057125370132,0.6648024361690614,-0.4919609482380983,-1.0099372636247497
Jagiellonia Białystok,43.74847708992817,0.5275492821926517,0.8781197572465419,-0.4919609482380983,0.1542936168262911
Jaguares de Córdoba,35.300173096637785,-0.9624055234794362,0.7129512216677165,-0.4919609482380983,1.442546091443911
Jeju United FC,38.16850322451415,-1.210731324424784,0.8265285651928402,-0.3285219150776417,1.4189645207220951
Jeonbuk Hyundai Motors,28.661382122340733,-1.459057125370132,0.4360053995364432,0.6521122838850945,1.6076170864966093
Jeonnam Dragons,33.98883563587395,-0.9624055234794362,0.7200927434070931,-0.3285219150776417,0.8058436819549313
Jiangsu Suning FC,38.73441473514485,-1.210731324424784,0.9154189050674876,0.4886732507246379,-0.1374191469176316
Junior FC,32.18260466889413,-1.210731324424784,0.7149771610784982,-0.3285219150776417,0.6879358283458598
Juventus,60.17569136893659,1.0242008840833476,0.4055826840466336,6.464004303070914,1.3359573917813106
Júbilo Iwata,40.55396610808328,-0.7140797225340882,0.7701683205482265,-0.0343316553888207,1.604472877067033
KAA Gent,31.20769626661716,1.2725266850286956,0.4360053995364432,-0.1650828819171862,-0.8684478392938648
KAS Eupen,35.48891667886149,1.5208524859740435,0.4742129024833706,-0.4919609482380983,0.0276518481350666
KFC Uerdingen 05,22.319029290558102,-1.459057125370132,0.4144183991430229,-0.0016438487567296,0.6171911161804197
KRC Genk,33.92875601871061,2.2658298888100874,0.4721129679038841,-0.4919609482380983,-1.542880761937747
KSV Cercle Brugge,42.43135405437697,0.2792234812473037,0.9154189050674876,-0.3285219150776417,-0.3968164248575856
KV Kortrijk,47.62350649251413,1.5208524859740435,0.8238223277898067,-0.4919609482380983,0.3342122675186498
KV Oostende,31.209327996071167,0.7758750831379997,0.5460715880033076,-0.3159496817576067,-1.004495362688946
Kaizer Chiefs,41.23480157427854,-0.2174281206433922,0.8527960304858082,-0.4919609482380983,0.7656676725770264
Kalmar FF,36.88596446314307,-0.4657539215887402,0.8542974186990063,-0.322468617553181,-0.3592605900043262
Karlsruher SC,35.8013163031748,-0.4657539215887402,0.8333725896771528,-0.4919609482380983,-0.3024901419703298
Kashima Antlers,34.19275684214813,-1.210731324424784,0.7745942158788914,-0.1868747530052469,0.5700279747367906
Kashiwa Reysol,26.493465012114232,-0.9624055234794362,0.5511370506764771,-0.3285219150776417,0.1691412724659515
Kasimpaşa SK,41.03306068996877,0.7758750831379997,0.7340369475541146,-0.094022432716988,-0.0902560054740025
Kawasaki Frontale,25.366824833404817,-0.9624055234794362,0.4136266218916571,-0.1868747530052469,0.9882078288702926
Kayserispor,32.8929007356505,0.5275492821926517,0.3200122478929803,0.4232976374604557,1.2303119549475836
Kilmarnock,28.305603551222717,-0.2174281206433922,0.5879165503202378,-0.4919609482380983,-0.5854689906320973
Korona Kielce,35.38793462384918,0.5275492821926517,0.689556728737565,-0.4919609482380983,-0.5549002878445597
Kristiansund BK,21.87024038795562,-0.2174281206433922,0.2842749693024464,-0.4919609482380983,0.3774451471753084
LA Galaxy,46.60560136270489,0.5275492821926517,0.6368798578218998,1.3385562231590098,1.3359573917813106
LASK Linz,26.63908699138489,0.0308976803019557,0.4745855954038198,-0.3012820762175658,-0.5854689906320973
LOSC Lille,17.57221862780633,0.2792234812473037,0.3068946815312457,-0.3089092310983872,-2.0711079461063817
La Berrichonne de Châteauroux,37.216853764223245,0.0308976803019557,0.7133727304643863,-0.4919609482380983,0.5150043097192253
La Equidad,33.39455281904325,-0.7140797225340882,0.6656818712842412,-0.4919609482380983,0.9473331062858162
Lazio,62.033812422213295,2.514155689755436,0.8355566502829627,2.2252129780544845,0.1160827383418703
Le Havre AC,42.477559791835446,1.5208524859740435,0.7701683205482265,-0.3394178506216721,-0.8605873157199285
Lecce,24.333679785431062,-0.9624055234794362,0.3986514710568418,-0.3341577438073127,0.979859410729696
Lech Poznań,43.11940421158786,1.2725266850286956,0.6915221008925482,-0.4919609482380983,0.6189378991968484
Lechia Gdańsk,38.10057780635304,-0.4657539215887402,0.8527960304858082,-0.1529762868682629,-0.1636208921640903
Leeds United,34.35487941779111,1.0242008840833476,0.6371809236868095,-0.3394178506216721,-1.2787671698534306
Legia Warszawa,53.02504132771032,1.2725266850286956,0.874953054972271,-0.1529762868682629,1.4748615772478773
Leicester City,38.886407877548194,2.2658298888100874,0.2100784126857309,1.510167207977489,0.2811537333945686
Levante UD,37.50652627303042,0.2792234812473037,0.7565770314468503,-0.3489517942226992,-0.3378624980530499
Lillestrøm SK,30.57591841367301,0.2792234812473037,0.5662390149950444,-0.4919609482380983,-0.4479098280881828
Limerick FC,19.516388469812917,-1.459057125370132,0.5983742212579651,-0.4919609482380983,-1.4455757543277368
Lincoln City,34.43978121246764,0.0308976803019557,0.6648024361690614,-0.4919609482380983,0.1455597017441382
Liverpool,49.620534527048974,1.7691782869193915,0.4594478915414289,3.945656436967013,-0.7505399856847956
Livingston FC,28.248442088797898,0.0308976803019557,0.5517413325929527,-0.4919609482380983,-0.6326321320757264
Livorno,47.725880964679575,0.0308976803019557,0.9875722773001896,-0.1868747530052469,0.7240942367859763
Lobos BUAP,48.35866233695639,0.5275492821926517,0.871809110345495,-0.1529762868682629,1.2303119549475836
Lokomotiv Moscow,53.62507210389249,0.5275492821926517,0.8306214236075148,1.6327464828478306,1.2774750963912127
Los Angeles FC,36.74186773797536,1.2725266850286956,0.4449878865034922,0.0571942031810347,0.4643825379030636
Luton Town,36.04394463239149,-0.7140797225340882,0.9052093728001545,-0.4919609482380983,-0.5392491120173416
MKE Ankaragücü,48.29585737064218,1.5208524859740435,0.5515930505751147,0.2970550739158273,2.277658958040565
MSV Duisburg,32.56773175933287,0.5275492821926517,0.5600120985346171,-0.4919609482380983,-0.1664426185752487
Macclesfield Town,36.55217389941809,-0.9624055234794362,0.881351895467909,-0.4919609482380983,0.2144904469309778
Malmö FF,42.24231186510424,0.2792234812473037,0.8483233632250299,-0.322468617553181,0.1787485790563212
Manchester City,53.43554879143648,1.2725266850286956,0.60172572162048,4.500358610117652,-0.8105658020675943
Manchester United,51.98766715303533,2.01750408786474,0.3793219627744784,4.500358610117652,-0.2503248491614673
Mansfield Town,34.22873670304219,0.0308976803019557,0.7200927434070931,-0.4919609482380983,-0.4439795663012124
Medipol Başakşehir FK,49.9087545692347,1.0242008840833476,0.5892935118658222,1.7961855160082874,1.5368723743311667
Melbourne City FC,28.71849731489541,-0.2174281206433922,0.5239158360628096,-0.4919609482380983,0.1474462274018826
Melbourne Victory,39.98920408748529,-0.2174281206433922,0.7653078924660216,0.3797138952843342,0.2870491260750231
Middlesbrough,27.26320134312753,0.2792234812473037,0.3380007136070588,-0.0343316553888207,0.239885984631394
Miedź Legnica,29.8079881099326,0.0308976803019557,0.4128178870001454,-0.4919609482380983,1.1569470682574958
Milan,54.50851020654065,0.5275492821926517,0.6673566213814672,4.592808972309426,-0.0902560054740025
Millonarios FC,25.419887625919586,-0.7140797225340882,0.4147599696256323,-0.4919609482380983,0.9473331062858162
Millwall,37.730491610158936,0.2792234812473037,0.7745942158788914,-0.4919609482380983,-0.2883411995372409
Milton Keynes Dons,23.603598094944797,-0.2174281206433922,0.4127189510091349,-0.4919609482380983,-0.3260717126921432
Minnesota United FC,43.13581278688579,1.2725266850286956,0.6429325436213511,-0.3394178506216721,0.9221794308492146
Molde FK,26.23186323808568,-0.2174281206433922,0.5560139081612173,-0.4919609482380983,-0.9029132118872858
Monarcas Morelia,22.393625238725043,-0.2174281206433922,0.3313923172275333,-0.3285219150776417,-0.0902560054740025
Monterrey,34.131504977099056,-0.7140797225340882,0.6798796642004101,0.7401179171253398,-0.2934203070773227
Montpellier HSC,31.174589393375985,0.2792234812473037,0.4724320939781939,0.3252342175641824,-0.2553270005267007
Montreal Impact,33.80820554320974,1.2725266850286956,0.3048904128322683,0.2970550739158273,0.6611016271796581
Morecambe,36.590179628316434,0.2792234812473037,0.7129512216677165,-0.4919609482380983,-0.0430928640303734
Moreirense FC,44.433931351728745,0.2792234812473037,0.9107138328394484,-0.3089092310983872,0.2266803050271784
Motherwell,22.870788863722343,-0.4657539215887402,0.471105240236573,-0.4919609482380983,-0.7269584149629822
Málaga CF,30.278813443043195,1.5208524859740435,0.2822924620647372,-0.3394178506216721,0.129838654596261
NAC Breda,23.159255691068303,0.5275492821926517,0.3738883809796792,-0.4919609482380983,-1.2127387718323503
Nagoya Grampus,30.00443025989893,-1.210731324424784,0.5595374639348889,0.1860083745015714,0.96130737041726
Napoli,71.98272824380598,2.514155689755436,0.8134178085936934,4.816538848813517,0.5172052563199282
Neuchâtel Xamax,48.27595114971943,0.7758750831379997,0.8527960304858082,-0.4919609482380983,1.3770417283277594
New England Revolution,36.27094009410871,1.7691782869193915,0.4718742339037323,-0.4919609482380983,-0.0902560054740025
New York City FC,41.28456662304933,2.2658298888100874,0.4645741017476841,0.0360728512033754,0.1636993715301477
New York Red Bulls,22.204150944550392,1.0242008840833476,0.2405382725168241,-0.4919609482380983,-0.9782241167919656
Newcastle Jets,28.680334806013956,-0.2174281206433922,0.5001115151639686,-0.3012820762175658,0.1573504871050449
Newcastle United,45.8250012000378,2.2658298888100874,0.5998997791288468,0.6174433980631796,-0.3903850873879985
Newell's Old Boys,24.999896380645463,-0.9624055234794362,0.4755573442148995,-0.4919609482380983,0.6171911161804197
Newport County,17.003954508689272,-0.9624055234794362,0.3222930257748076,-0.4919609482380983,-0.3188158447777389
Northampton Town,32.51009488772875,0.0308976803019557,0.7180377512024348,-0.4919609482380983,-0.9391925514593072
Norwich City,35.54330118336169,1.0242008840833476,0.54171983488933,-0.1868747530052469,-0.1782938695021079
Nottingham Forest,36.52990689698768,1.0242008840833476,0.4157218946931144,0.1182114422276044,0.9882078288702926
Notts County,38.77628849590472,-0.2174281206433922,0.8158089111384328,-0.4919609482380983,0.3813754089622789
Nîmes Olympique,30.182100947448443,0.0308976803019557,0.5544230115185386,-0.322468617553181,-0.2614407410842083
OGC Nice,23.982039135472665,0.0308976803019557,0.3452903285103286,0.9789903502060066,-1.528731819504658
Odds BK,26.948523344394317,-1.210731324424784,0.7228969768302879,-0.4919609482380983,-0.7792479848243961
Odense Boldklub,28.742531918061708,-0.7140797225340882,0.6719774666487723,-0.4919609482380983,-0.505990363384502
Ohod Club,28.502167784854603,0.2792234812473037,0.385731351959561,-0.4919609482380983,0.6492620523620865
Oldham Athletic,28.239895470532684,0.2792234812473037,0.5245274709614104,-0.4919609482380983,-0.7505399856847956
Olympiacos CFP,31.92028407438795,1.2725266850286956,0.3460025736076538,0.3252342175641824,-0.3260717126921432
Olympique Lyonnais,36.62675874060943,1.0242008840833476,0.5221499186068798,1.5594807093621097,-1.547434444559891
Olympique de Marseille,59.95949668222858,1.0242008840833476,0.9531113734427864,2.5062999359468208,0.3195754305189029
Once Caldas,20.09528652486517,-1.459057125370132,0.4147599696256323,-0.4919609482380983,0.4757016918495347
Orlando City SC,31.76908291637357,0.7758750831379997,0.3733705437575582,-0.0343316553888207,0.5039995767157103
Orlando Pirates,25.62040331582285,-0.9624055234794362,0.4356279559236051,-0.4919609482380983,1.1831488135039545
Os Belenenses,47.32198528841708,0.5275492821926517,0.9468870909226458,-0.4919609482380983,0.5700279747367906
Oxford United,23.97824198381442,-0.7140797225340882,0.500692050702384,-0.4919609482380983,-0.3024901419703298
PAOK,42.16584549018936,1.7691782869193915,0.4828663240660804,-0.1529762868682629,1.2058569927175535
PEC Zwolle,34.44096759192382,-0.4657539215887402,0.8813094651649412,-0.4919609482380983,-1.1662743435952951
PFC CSKA Moscow,29.019042974502003,-0.2174281206433922,0.5899844142144849,0.6521122838850945,-1.623058102391916
PSV,43.17119798347013,1.7691782869193915,0.7853921842002033,0.2707545398440306,-1.8290038200290903
Pachuca,24.66915826840613,-0.2174281206433922,0.41558807993765,-0.3341577438073127,-0.2040980710275876
Padova,30.528046935221635,-1.70738292631548,0.7690697381894152,-0.3394178506216721,0.4379711786946324
Palermo,34.28198401899668,1.0242008840833476,0.5400918705788149,-0.3394178506216721,-0.3763790635653463
Panathinaikos FC,29.51422718577048,0.2792234812473037,0.592066875943239,-0.1650828819171862,-1.3636608244519597
Paraná,31.453949948192832,-1.70738292631548,0.4131511881555302,-0.4919609482380983,4.267618263917233
Paris FC,38.69147067491093,1.2725266850286956,0.5214834944076465,-0.1258575139586762,0.5172052563199282
Paris Saint-Germain,51.553284227900086,0.5275492821926517,0.5411760907540291,5.152133663569653,-0.3763790635653463
Parma,36.81104864843502,0.0308976803019557,0.4527079204495033,0.6126614827773984,1.685680217161924
Patriotas Boyacá FC,35.077998127313954,-1.210731324424784,0.831994732320829,-0.4919609482380983,0.6171911161804197
Patronato,21.639282372256226,-1.459057125370132,0.3320483257112629,-0.4919609482380983,1.7255249401056785
Perth Glory,25.43188699043131,-0.9624055234794362,0.3873942691728388,-0.3089092310983872,1.388780110198173
Perugia,22.75082368860012,0.2792234812473037,0.4025024495401531,-0.4919609482380983,-1.2330552019926824
Pescara,33.651344942727256,-0.2174281206433922,0.662178017690601,-0.1650828819171862,-0.0430928640303734
Peterborough United,21.981774933152334,-0.7140797225340882,0.4650364520504689,-0.3159496817576067,-0.7505399856847956
Philadelphia Union,29.81998308372489,1.0242008840833476,0.3344556126433088,-0.1763545393765282,0.0691228863010175
Piast Gliwice,36.159900619164645,0.2792234812473037,0.6915221008925482,-0.4919609482380983,0.0320188056761454
Plymouth Argyle,39.50878924323757,0.0308976803019557,0.8292526410500637,-0.4919609482380983,0.0983965603005091
Pogoń Szczecin,26.18650039242181,0.2792234812473037,0.4038940839700347,-0.4919609482380983,-0.2172336939760788
Pohang Steelers,17.25800724179198,-0.9624055234794362,0.3011387086779135,-0.4919609482380983,-0.0413460810139447
Port Vale,30.79224984563983,-1.210731324424784,0.6848620148445055,-0.3159496817576067,0.5446324370363743
Portimonense SC,24.139228899725616,-0.4657539215887402,0.4828663240660804,-0.1529762868682629,-0.8239048723748834
Portland Timbers,42.24393410770374,1.2725266850286956,0.6356784340476626,-0.3394178506216721,0.7240942367859763
Portsmouth,17.31275578419893,-0.9624055234794362,0.4120430680613264,-0.4919609482380983,-1.0806819757901922
Preston North End,30.926093140487133,-0.7140797225340882,0.802249927836108,-0.4919609482380983,-1.0920661823455509
Puebla FC,26.464285083622187,0.0308976803019557,0.3738883809796792,-0.4919609482380983,0.5260090427227379
Queens Park Rangers,43.19653327405337,2.01750408786474,0.6437001352979997,-0.1868747530052469,-0.3543695975583188
Querétaro,38.0208203120096,0.0308976803019557,0.7723749279026627,-0.1868747530052469,-0.1342749374880552
RB Leipzig,34.63705088105672,1.0242008840833476,0.5493321208272178,1.1424293833664632,-1.9532000924973123
RC Celta,48.009483374118304,1.2725266850286956,0.9182780995935212,0.3400923114878604,-0.9706346457550592
RC Strasbourg Alsace,46.09737624284341,0.7758750831379997,0.9187616033667326,-0.1650828819171862,-0.2553270005267007
RCD Espanyol,43.4586123914928,-0.7140797225340882,0.9461900914635522,0.7704646872081838,-0.067487592363285
RCD Mallorca,39.86968597396053,-0.2174281206433922,0.8292526410500637,-0.3285219150776417,0.4049569796840923
RSC Anderlecht,34.96108664440863,1.7691782869193915,0.5026927313157477,-0.1650828819171862,-1.1278451172338213
Racing Club,39.67652434988436,-1.210731324424784,0.9187616033667326,-0.0016438487567296,0.640772686902233
Racing Club de Lens,24.551984031343927,0.5275492821926517,0.37040284998833,-0.3394178506216721,-0.9266157137410064
Randers FC,31.975276314531875,-0.7140797225340882,0.8104832000174687,-0.4919609482380983,-0.8561854225185226
Rangers FC,32.472060881673215,0.7758750831379997,0.4702248039460509,-0.1650828819171862,-0.0666744347521891
Ranheim Fotball,16.301731317108008,-1.70738292631548,0.4259720132840706,-0.4919609482380983,-0.3928861630706152
Rayo Vallecano,39.62829938747636,0.5275492821926517,0.7460389332021291,-0.0759343183751194,-0.270333454622401
Reading,39.57126066086308,2.01750408786474,0.4682710168280097,-0.3394178506216721,0.3939522466805797
Real Betis,34.32066577309861,0.5275492821926517,0.3323011301786092,1.711439350665828,0.1542936168262911
Real Madrid,46.658367429157074,0.7758750831379997,0.4587371385081737,4.500358610117652,-0.7305313802238619
Real Oviedo,27.82426465657845,-0.2174281206433922,0.4721956628876649,-0.4919609482380983,0.3719427806735522
Real Salt Lake,45.26191815169239,1.0242008840833476,0.7745942158788914,-0.3394178506216721,0.6800753047719236
Real Sociedad,32.93039646844799,0.0308976803019557,0.6393365160460993,0.5413955194860759,-1.1765296503369198
Real Sporting de Gijón,36.70805356382256,0.2792234812473037,0.7701683205482265,-0.4919609482380983,-0.5524547916215572
Real Valladolid CF,32.48535647375556,-0.2174281206433922,0.6444695620077806,-0.1868747530052469,-0.2003033355091354
Real Zaragoza,35.82210831320136,0.0308976803019557,0.7723749279026627,-0.4919609482380983,-0.4644169275934517
Red Star FC,25.744914140820164,0.0308976803019557,0.3443452172636069,-0.1650828819171862,0.239885984631394
Rio Ave FC,21.10952177355323,-0.2174281206433922,0.3443452172636069,-0.1650828819171862,-0.774121556406609
Rionegro Águilas,33.09573155516162,-0.9624055234794362,0.7129512216677165,-0.4919609482380983,0.782262111233118
River Plate,19.07715661416939,-0.9624055234794362,0.2169001760753925,0.2402459203207447,0.5172052563199282
Rochdale,28.374920141543985,0.0308976803019557,0.503699079411082,-0.4919609482380983,-0.1374191469176316
Roma,63.49424191631618,1.2725266850286956,0.8442475160691579,4.084331980254673,0.3414681354330541
Rosario Central,36.669533096349866,-0.7140797225340882,0.831994732320829,-0.3285219150776417,0.1691412724659515
Rosenborg BK,35.081599778993514,0.2792234812473037,0.6798796642004101,-0.3159496817576067,-0.369606920178569
Rotherham United,28.859494554736504,0.0308976803019557,0.5566763039217317,-0.4919609482380983,-0.4965846086806453
Royal Antwerp FC,43.20011209375244,1.7691782869193915,0.5584355802790191,0.0571942031810347,0.5700279747367906
Royal Excel Mouscron,39.13520518553516,1.2725266850286956,0.7149771610784982,-0.4919609482380983,-0.7977031271284247
SC Braga,30.42310692467937,-0.9624055234794362,0.7180377512024348,-0.4919609482380983,-0.0666744347521891
SC Fortuna Köln,39.98373446723566,-0.4657539215887402,0.8747522054998107,-0.3159496817576067,0.3668636731334703
SC Freiburg,46.38515793364985,0.2792234812473037,0.9930290181846376,0.2707545398440306,-0.5964737236356099
SC Heerenveen,37.5754396400316,0.2792234812473037,0.8813094651649412,-0.322468617553181,-1.5330987770457367
SC Paderborn 07,31.141898202122555,0.7758750831379997,0.5464247720782922,-0.4919609482380983,-0.8385778497129011
SC Preußen Münster,25.429050269176543,-0.9624055234794362,0.6738437718320655,-0.4919609482380983,-1.141819381365265
SCR Altach,37.25284179501753,-0.7140797225340882,0.8427249197278561,-0.4919609482380983,0.4176547485343004
SD Eibar,33.81452333969517,-0.2174281206433922,0.5469620961366876,0.1392518694850428,0.7749436927332433
SD Huesca,31.2896565393628,0.5275492821926517,0.4678646682209329,-0.4919609482380983,0.3279238486594995
SG Dynamo Dresden,26.140092947528665,0.2792234812473037,0.4733208232211726,-0.4919609482380983,-0.8920294100156805
SG Sonnenhof Großaspach,22.82401888999467,-1.210731324424784,0.5669833378359773,-0.4919609482380983,-0.5304453256145321
SK Brann,36.3043660830575,0.2792234812473037,0.6934987084642381,-0.4919609482380983,0.0564737679061732
SK Rapid Wien,38.82440785413459,0.2792234812473037,0.8781197572465419,-0.4919609482380983,-0.9461796835250316
SK Slavia Praha,30.15800382424426,0.2792234812473037,0.4697858187170142,-0.3285219150776417,0.1691412724659515
SK Sturm Graz,34.55903602616356,-0.2174281206433922,0.8075696899945489,-0.4919609482380983,-0.8033627041016579
SKN St. Pölten,30.406096707578072,0.2792234812473037,0.5669969254597609,-0.4919609482380983,-0.505990363384502
SL Benfica,45.9537661499226,1.2725266850286956,0.5941640906315078,2.1230635823291992,-0.420397995579399
SPAL,34.227323082468494,0.2792234812473037,0.4117669661664763,0.6944853665563241,0.8390325592671143
SSV Jahn Regensburg,39.583337209052594,0.0308976803019557,0.8059717469634198,-0.4919609482380983,0.3423438436296204
SV Darmstadt 98,29.381845444717825,-0.2174281206433922,0.4814291172647756,0.0165160438166542,0.2032035412863489
SV Mattersburg,29.426725255749503,-1.210731324424784,0.6719774666487723,-0.4919609482380983,0.4477531635866426
SV Meppen,36.31438454654508,-1.210731324424784,0.9204421237845928,-0.4919609482380983,0.1455597017441382
SV Sandhausen,31.3625014353898,0.2792234812473037,0.4720958622130239,-0.4919609482380983,0.6838700402903757
SV Wehen Wiesbaden,32.658680457391064,-0.4657539215887402,0.7121948354484902,-0.4919609482380983,-0.0902560054740025
SV Werder Bremen,37.38657521599943,1.2725266850286956,0.3592271686779572,1.510167207977489,-0.0902560054740025
SV Zulte-Waregem,49.14510780489298,1.2725266850286956,0.879692654499322,-0.3159496817576067,0.4430502862347142
Sagan Tosu,46.8020495049067,-0.7140797225340882,0.9875722773001896,-0.0343316553888207,1.4063876830037945
Sampdoria,53.80510988089995,1.5208524859740435,0.8483233632250299,1.5419470199809109,-0.2369857788541782
San Jose Earthquakes,29.46651194441654,0.7758750831379997,0.3617423502275143,-0.4919609482380983,0.4176547485343004
San Lorenzo de Almagro,16.910585802333138,-1.459057125370132,0.3012186954323179,-0.0016438487567296,0.0748149895786957
San Luis de Quillota,24.94030979071049,-0.9624055234794362,0.55295388047085,-0.4919609482380983,-0.1374191469176316
San Martin de Tucumán,27.722548805708477,-1.210731324424784,0.5523469410667401,-0.3285219150776417,0.9001699648421871
San Martín de San Juan,38.81339500945815,-1.210731324424784,0.8306214236075148,-0.4919609482380983,1.749106510827492
Sandefjord Fotball,20.947804397655236,-0.4657539215887402,0.3552739142411113,-0.4919609482380983,-0.2003033355091354
Sanfrecce Hiroshima,39.99655483266184,-0.9624055234794362,0.8830174074520409,-0.4919609482380983,1.2303119549475836
Sangju Sangmu FC,35.897661607584354,-1.70738292631548,0.9204421237845928,-0.3285219150776417,0.5936095454586039
Santa Clara,34.75458981504691,0.2792234812473037,0.5454341747628463,-0.4919609482380983,1.0017521156438471
Santos,33.963660006270366,-1.70738292631548,0.63084390699799,-0.4919609482380983,2.947050303495647
Santos Laguna,23.97994517085435,-0.2174281206433922,0.3558738500639645,-0.3159496817576067,0.1383038338297339
Sarpsborg 08 FF,27.023449377602525,0.0308976803019557,0.4722274763649743,-0.4919609482380983,-0.2426292316764927
Sassuolo,28.67022005440232,0.5275492821926517,0.2748520184040687,1.0334700279261584,-0.2614407410842083
Scunthorpe United,29.453768895683808,-0.2174281206433922,0.6747808173428878,-0.4919609482380983,-1.068454494675177
Seattle Sounders FC,38.55559869616783,1.7691782869193915,0.4103740335601275,-0.1529762868682629,0.8145775970370842
Sevilla FC,39.66094232747244,0.2792234812473037,0.4682710168280097,2.40635790647399,0.0858197225822083
Shakhtar Donetsk,24.2149969591037,-0.9624055234794362,0.4363834977777157,0.1617951844037258,0.0512334188568823
Shamrock Rovers,25.60649673123249,-1.210731324424784,0.7060300723922346,-0.4919609482380983,-1.0206561594073935
Shandong Luneng TaiShan FC,25.350786896864296,-1.459057125370132,0.4727937656732575,-0.1529762868682629,1.1324921060274658
Shanghai Greenland Shenhua FC,41.7245535255114,-0.9624055234794362,0.8238223277898067,0.1617951844037258,1.6076170864966093
Shanghai SIPG FC,20.811713542633356,-1.210731324424784,0.3688238450113034,0.4886732507246379,-0.3024901419703298
Sheffield United,27.41028986345635,-0.7140797225340882,0.5447684498536773,-0.4919609482380983,0.3059143826524743
Sheffield Wednesday,34.81184992288694,0.7758750831379997,0.4678646682209329,-0.1868747530052469,0.6800753047719236
Shimizu S-Pulse,32.68305275905582,-0.7140797225340882,0.6379348351213366,-0.3394178506216721,0.8341415668211069
Shonan Bellmare,25.94315768167788,-0.9624055234794362,0.5379364113111544,-0.4919609482380983,0.3059143826524743
Shrewsbury,21.98042310642853,-0.9624055234794362,0.5550571990877494,-0.4919609482380983,-1.043999532445147
Sint-Truidense VV,37.2220627825883,1.5208524859740435,0.5906769385269244,-0.4919609482380983,-0.561887419910284
Sivasspor,31.84385757621321,0.5275492821926517,0.4175815889430039,-0.322468617553181,0.7901226348070541
Sligo Rovers,20.37654286227068,-0.9624055234794362,0.6015365356259873,-0.4919609482380983,-1.96685258080994
Southampton,43.9749005809844,1.7691782869193915,0.5986886281939079,1.3108211145014783,-0.930617434833194
Southend United,37.413931076181015,-0.2174281206433922,0.8238223277898067,-0.3285219150776417,-0.2789085712485141
SpVgg Greuther Fürth,27.20176407117455,0.0308976803019557,0.5523469410667401,-0.3285219150776417,-1.1278451172338213
SpVgg Unterhaching,21.892998816779105,-0.7140797225340882,0.4741441616350534,-0.4919609482380983,-0.6743533725835493
Sparta Praha,29.937695540676128,1.0242008840833476,0.3460025736076538,-0.4919609482380983,0.3342122675186498
Spartak Moscow,44.25554846967941,0.7758750831379997,0.6934987084642381,0.5249930358714069,0.5944829369668206
Spezia,25.095051121759106,-0.2174281206433922,0.4348750257945605,-0.4919609482380983,-0.0902560054740025
Sport Club do Recife,26.4136425418496,-1.70738292631548,0.351665999960921,-0.4919609482380983,3.343220691622121
Sporting CP,44.47036718629052,1.5208524859740435,0.4145807795685916,1.9487286136247133,0.658065838764896
Sporting Kansas City,27.04458429505454,0.5275492821926517,0.2717109825321415,-0.322468617553181,0.7412127103469963
Sporting Lokeren,47.68583891880459,1.7691782869193915,0.8211337541916657,-0.4919609482380983,0.0040702774132533
Sporting de Charleroi,43.7119962613,1.7691782869193915,0.6665636362061031,-0.1650828819171862,-0.0666744347521891
St. Johnstone FC,26.367592462163064,-0.7140797225340882,0.5689914825044343,-0.4919609482380983,-0.2369857788541782
St. Mirren,27.57941385629857,-0.4657539215887402,0.5563299367734243,-0.322468617553181,-0.3103506655442661
St. Patrick's Athletic,23.413297018695506,-1.459057125370132,0.5725828240593704,-0.4919609482380983,-0.032840007194804
Stabæk Fotball,26.269575557996006,-0.2174281206433922,0.6747808173428878,-0.4919609482380983,-2.022198021646324
Stade Brestois 29,30.71152093771361,-0.9624055234794362,0.6950168169057394,-0.3089092310983872,0.0418007905681556
Stade Malherbe Caen,30.939558017509505,1.2725266850286956,0.330956416386034,-0.1650828819171862,0.0512334188568823
Stade Rennais FC,30.964657139545004,0.0308976803019557,0.4193861190679476,1.2029623586110767,-0.3837155522343539
Stade de Reims,40.74485162662507,1.5208524859740435,0.611688656254854,0.1392518694850428,-0.3862453759133228
Standard de Liège,38.57314000332666,2.01750408786474,0.4360053995364432,0.1617951844037258,-0.1374191469176316
Stevenage,42.04474838551634,0.5275492821926517,0.9170872082704684,-0.4919609482380983,-0.7269584149629822
Stoke City,49.46042767947972,1.7691782869193915,0.5425755771220785,1.7961855160082874,0.7240942367859763
Strømsgodset IF,34.56643336157187,-1.459057125370132,0.9468870909226458,-0.4919609482380983,-0.2553270005267007
Sunderland,43.450891105234426,0.2792234812473037,0.9204421237845928,-0.0016438487567296,-0.4911427077448415
Suwon Samsung Bluewings,32.41907874685129,-0.9624055234794362,0.5927643005646115,-0.1650828819171862,1.3718013792784685
Swansea City,49.4761945648645,0.5275492821926517,0.9912034167128588,0.8809269303097332,-0.6845115876637153
Swindon Town,28.47393482107349,-0.7140797225340882,0.6613081341264426,-0.3159496817576067,-0.6743533725835493
Sydney FC,36.8732332217045,-0.9624055234794362,0.907036784644658,-0.1258575139586762,-0.3279582383498876
SønderjyskE,23.594980802566763,0.2792234812473037,0.2718632111741074,-0.322468617553181,0.0809287301362032
TSG 1899 Hoffenheim,38.93931210300878,1.7691782869193915,0.4580285811084471,1.172145571213818,-0.9506260402941278
TSV 1860 München,28.399597474814392,-1.210731324424784,0.7159944546460555,-0.4919609482380983,-0.2789085712485141
TSV Hartberg,33.78536807689639,-0.7140797225340882,0.8830174074520409,-0.4919609482380983,-1.004495362688946
Tianjin Quanjian FC,21.427811920651678,-1.210731324424784,0.3623033088214387,-0.1399384152771161,0.6208190501376206
Tianjin TEDA FC,23.479028425603357,-1.210731324424784,0.4719889797224251,-0.4919609482380983,0.5700279747367906
Tiburones Rojos de Veracruz,35.43402024804195,-0.2174281206433922,0.6549498269120937,-0.4919609482380983,0.911554171397546
Tigres U.A.N.L.,42.2626028320412,0.0308976803019557,0.7745942158788914,0.7283838326933071,0.129838654596261
Torino,46.7391184056933,1.2725266850286956,0.5573402798279162,2.148208048969269,0.1383038338297339
Toronto FC,29.63816071856401,0.2792234812473037,0.3448171252729675,0.3252342175641824,0.4992832625713481
Tottenham Hotspur,58.96066555727797,1.5208524859740435,0.7349449850639461,4.084331980254673,-0.3503678764661335
Toulouse Football Club,34.245838535175466,1.7691782869193915,0.4186595605924416,0.2461508144220264,-0.9848343012434644
Trabzonspor,32.49696149552161,0.7758750831379997,0.3128517692097298,0.4886732507246379,0.7350989697894889
Tranmere Rovers,23.348401543392672,-0.7140797225340882,0.500692050702384,-0.4919609482380983,-0.4911427077448415
Trelleborgs FF,28.994180280001057,-0.7140797225340882,0.6876024964743821,-0.4919609482380983,-0.5793552500745898
Tromsø IL,23.32089067703496,-1.459057125370132,0.6330660573673809,-0.2631463018134595,-0.8825967817269538
U.N.A.M.,34.68829512575006,-0.4657539215887402,0.809728259766421,-0.1763545393765282,-0.7505399856847956
UD Almería,27.316783897746323,-0.4657539215887402,0.5464247720782922,-0.4919609482380983,-0.11226547148103
UD Las Palmas,28.19355799497024,-0.7140797225340882,0.3983467803653855,-0.1763545393765282,1.5946065647190564
US Cremonese,27.84255030326129,-0.2174281206433922,0.3424776982098345,-0.3089092310983872,1.4151914694066066
US Orléans Loiret Football,26.24764647310821,-0.7140797225340882,0.4751083507421433,-0.1258575139586762,0.2266803050271784
US Salernitana 1919,47.51618696754733,0.5275492821926517,0.9221288031973996,-0.3285219150776417,0.6879358283458598
Udinese,49.807016539078624,2.514155689755436,0.7757086493077043,0.4232976374604557,-1.0366630437761395
Ulsan Hyundai FC,24.673012436520576,-0.7140797225340882,0.3455274175070426,-0.3285219150776417,1.2067303842257704
Universidad Católica,20.475229761701936,-1.210731324424784,0.500194366376859,-0.3285219150776417,-0.774121556406609
Universidad de Chile,39.44102312426335,-0.9624055234794362,0.8224758438415017,-0.0016438487567296,1.1124041013385144
Unión Española,32.42769115605368,-1.210731324424784,0.9121004418399142,-0.4919609482380983,-0.9391925514593072
Unión La Calera,27.65444540061404,-0.9624055234794362,0.5563299367734243,-0.4919609482380983,0.6433928614268785
Unión de Santa Fe,25.980661866650383,-1.210731324424784,0.662178017690601,-0.4919609482380983,-0.4911427077448415
Urawa Red Diamonds,33.67172486298149,-0.7140797225340882,0.5689914825044343,-0.322468617553181,1.7683211240082288
V-Varen Nagasaki,28.396851781189103,-0.9624055234794362,0.5480911968330189,-0.4919609482380983,0.94418889685624
VVV-Venlo,15.123440101041425,-0.7140797225340882,0.2931542520423871,-0.4919609482380983,-0.979099824988532
Valencia CF,36.49805262475641,1.2725266850286956,0.4569698396175168,1.5881722010767978,-1.3708067549737213
Valenciennes FC,30.813225759431408,-0.4657539215887402,0.6541278205929777,-0.4919609482380983,-0.0902560054740025
Vancouver Whitecaps FC,40.11399593464539,1.5208524859740435,0.5550571990877494,-0.4919609482380983,0.6433928614268785
Vegalta Sendai,34.84629951247163,-0.9624055234794362,0.6915221008925482,-0.322468617553181,1.3281318038677017
Vejle Boldklub,44.277517451684986,2.01750408786474,0.8797117198599332,-0.4919609482380983,-1.9488331349562336
Vendsyssel FF,37.688832632149946,0.0308976803019557,0.8483233632250299,-0.4919609482380983,-0.6282651745346476
Venezia FC,26.2888542153754,-0.7140797225340882,0.4360053995364432,-0.3285219150776417,0.8294252526767447
VfB Stuttgart,39.3453791163593,0.7758750831379997,0.5676602222636166,1.2029623586110767,-0.408170514464384
VfL Bochum 1848,31.17047955341585,0.2792234812473037,0.46365215374672,0.0360728512033754,0.1383038338297339
VfL Osnabrück,35.7678897777337,-0.2174281206433922,0.8427249197278561,-0.4919609482380983,-0.7759355233852118
VfL Sportfreunde Lotte,22.676470055046323,-0.9624055234794362,0.5535621551975376,-0.4919609482380983,-0.821284697850238
VfL Wolfsburg,42.29649632149609,1.5208524859740435,0.501565385515626,1.653176361992888,-0.5029334931057482
VfR Aalen,22.604391195677245,-0.9624055234794362,0.5669833378359773,-0.4919609482380983,-0.9706346457550592
Viktoria Plzeň,26.97888913238967,-1.210731324424784,0.4247136969082691,-0.3012820762175658,1.863084102649593
Villarreal CF,38.550480856797584,0.2792234812473037,0.377937945994577,2.0822038240390857,0.9620715879869488
Vissel Kobe,36.944091113478514,-0.2174281206433922,0.5469791199380706,0.4232976374604557,1.4063876830037945
Vitesse,41.06293400683102,1.5208524859740435,0.662178017690601,-0.1650828819171862,-0.4439795663012124
Vitória,27.36823031874835,-1.70738292631548,0.395574490729651,-0.4919609482380983,3.211163895579963
Vitória Guimarães,24.141687027745764,0.5275492821926517,0.2824403413205583,-0.1868747530052469,-0.3763790635653463
Vitória de Setúbal,26.52035143993865,-0.4657539215887402,0.4733208232211726,-0.3285219150776417,0.1691412724659515
Vålerenga Fotball,27.48112194759186,0.2792234812473037,0.5566763039217317,-0.4919609482380983,-1.2838462773935124
Vélez Sarsfield,27.18810192611172,-0.4657539215887402,0.6639253216389924,-0.4919609482380983,-1.2693345415647035
Waasland-Beveren,36.89137680825005,1.7691782869193915,0.6648024361690614,-0.4919609482380983,-1.7409659560009851
Walsall,15.291806558477072,-0.9624055234794362,0.3266177979579005,-0.4919609482380983,-0.8728147968349436
Waterford FC,34.378926090250935,-0.2174281206433922,0.8046770518058765,-0.4919609482380983,-0.8297740633100914
Watford,39.67742550301732,2.2658298888100874,0.2527674130677997,1.401677504931324,0.2285017780760352
Wellington Phoenix,28.422818371532887,-0.4657539215887402,0.527846578228088,-0.2740422373574899,0.161280748892013
West Bromwich Albion,48.69553616361368,-0.2174281206433922,0.9839676451561976,0.7283838326933071,0.4379711786946324
West Ham United,54.82033390443184,2.514155689755436,0.5028811151667588,3.083267902146879,0.1986182358682194
Western Sydney Wanderers,19.715851719366636,-0.7140797225340882,0.3873942691728388,-0.3089092310983872,-0.6977172672679333
Wigan Athletic,38.49499423969856,0.2792234812473037,0.7757086493077043,-0.1868747530052469,-0.3983885295723715
Willem II,41.14294847981862,1.2725266850286956,0.8278883623093034,-0.1650828819171862,-1.623058102391916
Wisła Kraków,37.83120087050055,-0.2174281206433922,0.8503933210835155,-0.3159496817576067,-0.420397995579399
Wisła Płock,36.15542496991559,-0.2174281206433922,0.8442475160691579,-0.4919609482380983,-0.6743533725835493
Wolfsberger AC,19.44968842857429,-0.7140797225340882,0.3625844410390179,-0.4919609482380983,-0.3442113824781528
Wolverhampton Wanderers,31.308228777138584,1.0242008840833476,0.4104460338992964,1.0334700279261584,-1.5108669932002547
Wycombe Wanderers,47.7757803066461,0.2792234812473037,0.903389309543182,-0.4919609482380983,1.4944255470319
Yeni Malatyaspor,43.84194899942676,1.0242008840833476,0.7679742854429186,-0.4919609482380983,0.4819901107086851
Yeovil Town,36.91574164643951,1.0242008840833476,0.662178017690601,-0.4919609482380983,-0.5854689906320973
Yokohama F. Marinos,28.975179193035338,-0.2174281206433922,0.5374002320175738,-0.3394178506216721,-0.0682465394669749
Zagłębie Lubin,32.96140313497493,-0.4657539215887402,0.6729093251996752,-0.4919609482380983,0.3743882768965547
Zagłębie Sosnowiec,36.9337368248305,0.7758750831379997,0.5640439744022344,-0.4919609482380983,0.7284961299873799
Çaykur Rizespor,43.610929039227344,2.01750408786474,0.6334379386768995,-0.4919609482380983,0.1958670526173413
Örebro SK,27.12926922239644,-0.2174281206433922,0.5656749712845063,-0.4919609482380983,-0.7260850234547656
Östersunds FK,24.69171947569679,-0.7140797225340882,0.5796674642587043,-0.4919609482380983,-0.8405787102589949
Śląsk Wrocław,32.2956144877662,-0.4657539215887402,0.6341830135606735,-0.4919609482380983,0.5436166155283594
