NationalityDiversity_norm,WorkRate_Balance_norm,International Reputation_norm,Age_closeness_norm,Chemistry_Index_100
0.3,0.3277129761401562,0.0,0.5444154147615934,29.30320977254374
0.25,0.3363080800067571,0.0,0.3128925287645074,22.48001521928161
0.15,0.6095408989970761,0.0243664717348927,0.4474199869366422,30.78318394171528
0.8500000000000001,0.3152087665013829,0.0797448165869217,0.423371533756903,41.70812792113019
0.15,0.3707142216033962,0.1644736842105263,0.6447699916021277,33.248947435401256
0.4499999999999999,0.5813188231645486,0.7309941520467836,0.4180274330502938,54.50851020654065
0.3999999999999999,0.1712877376320274,0.1174812030075188,0.4967574881030141,29.63816071856401
0.1999999999999999,0.7120190726639413,0.0657894736842105,0.6443500979751793,40.55396610808328
0.35,0.3362570121476321,0.0274122807017544,0.351894186806009,26.63908699138489
0.4999999999999999,0.2679337512399307,0.0487329434697856,0.4180274330502938,30.86735319400025
0.0499999999999999,0.2872116090809754,0.1644736842105263,0.6447699916021277,28.661382122340733
0.4999999999999999,0.4271341899803822,0.0253036437246964,0.2959352861377682,31.209327996071167
0.4499999999999999,0.4448561828990651,0.0,0.4078530874742498,32.56773175933287
0.35,0.8113743372912233,0.0,0.3461789679947746,37.688832632149946
0.5999999999999999,0.3138628323504893,0.2990430622009569,0.2470162104388102,36.49805262475641
0.1999999999999999,0.2602031750937019,0.0,0.5565923299430815,25.419887625919586
0.3999999999999999,0.334649159722552,0.0,0.3109545581785946,26.140092947528665
0.0499999999999999,0.1550552922775778,0.0,0.6605160026126713,21.639282372256226
0.0499999999999999,0.493624358621318,0.0,0.2370311801711984,19.516388469812917
0.1,0.8966701171506956,0.0,0.48101147709247,36.94203985607914
0.15,0.4358833629823436,0.0234962406015038,0.4841606792945785,27.33850707196065
0.1999999999999999,0.2876922696951867,0.0,0.1912848744984603,16.974428604841172
0.1999999999999999,0.289139266456426,0.0469924812030074,0.5188019035177756,26.373341279430228
0.15,0.6710846325875744,0.0286041189931349,0.598216567744867,36.19763298313941
0.7,0.7284721595585775,0.4824561403508772,0.6032005225342911,62.85322056109365
0.15,0.4358833629823436,0.0,0.4117290286460759,24.94030979071049
0.1999999999999999,0.7906164259790004,0.0234962406015038,0.4526686572734903,36.669533096349866
0.25,0.5769567540996142,0.0,0.2605673229448544,27.18810192611172
0.1,0.5747354790515712,0.0,0.3644909956144442,25.980661866650383
0.15,0.6483600681030256,0.0234962406015038,0.5376971167304285,33.98883563587395
0.5999999999999999,0.5132980400759422,0.1588021778584392,0.3693776886866819,41.03694766552658
0.3,0.2595704298510844,0.087719298245614,0.3621815806662307,25.236782719073226
0.5999999999999999,0.1712877376320274,0.1174812030075188,0.5817859475599514,36.76387220498744
0.15,0.436656637416932,0.0,0.4243258374545116,25.27456187178609
0.4499999999999999,0.2092357078543465,0.0219298245614035,0.3739386022207709,26.37760336591303
0.15,0.4812041685485951,0.1174812030075188,0.5251003079219929,31.84464198695267
0.1999999999999999,0.2254142949770103,0.0263157894736842,0.3369039843239707,19.715851719366636
0.1999999999999999,0.6070565645638567,0.0,0.3527106466361855,28.994180280001057
0.4499999999999999,0.3382016317527344,0.0263157894736842,0.6120182887001957,35.66339274816536
0.4499999999999999,0.907352210767307,0.0234962406015038,0.3770878044228793,43.94840639479225
0.4499999999999999,0.420910747346033,0.8114035087719298,0.3798171129980408,51.553284227900086
0.3,0.590756895605275,0.0,0.2873938602220773,29.453768895683808
0.4499999999999999,0.1397543256892125,0.131578947368421,0.5943827563683866,32.8929007356505
0.5999999999999999,0.4414596105788613,0.3795546558704452,0.4485504697784255,46.7391184056933
0.25,0.4499817394857084,0.0,0.5696930111038534,31.74186876473905
0.25,0.8533082007376972,0.0,0.2743305029392555,34.44096759192382
0.1,0.5551719552866486,0.0,0.3033964728935334,23.964210704504552
0.15,0.4297016349314311,0.0,0.5561724363161331,28.396851781189103
0.25,0.4275831782481943,0.0,0.4150881776616586,27.316783897746323
0.7999999999999998,0.7819445299869684,0.1879699248120301,0.4589670616777082,55.72203791191765
0.4499999999999999,0.208244819412817,0.0,0.2681254082299151,23.159255691068303
0.3,0.983813287675788,0.175438596491228,0.4885695623775312,48.69553616361368
0.7,0.2651605633718672,0.1061120543293718,0.2985609237057796,34.245838535175466
0.35,0.6379990669399068,0.0,0.3896846132313141,34.442092004280525
0.25,0.2014630865648682,0.0,0.4022814220397497,21.343612715115448
0.15,0.4490827027491892,0.0,0.3827563683866759,24.545976778396632
0.15,0.433573702609575,0.0234962406015038,0.4526686572734903,26.493465012114232
0.3999999999999999,0.7120190726639413,0.0,0.3563030698889613,36.70805356382256
0.25,0.8170602536961581,0.0487329434697856,0.4082299150881781,38.10057780635304
0.5499999999999999,0.1545105757881803,0.0730994152046783,0.3788373612018287,28.91118380486718
0.25,0.2014630865648682,0.0469924812030074,0.6384715871979099,28.42317887414464
0.75,0.3449568976852759,0.0,0.1763553233180927,31.782805525084218
0.0499999999999999,0.4829587448563316,0.0,0.6983064290379768,30.781629347357708
0.3999999999999999,0.4448561828990651,0.0,0.6011656534190828,36.1505459079537
0.5499999999999999,0.8903536290015331,0.0,0.1251516282541755,39.13763143139272
0.5999999999999999,0.5410476573169617,0.0219298245614035,0.5267798824297842,42.24393410770374
0.5999999999999999,0.6095408989970761,0.1461988304093567,0.342913128674069,42.466321452012544
0.15,0.759121385986384,0.0,0.5852609293002091,37.35955788216483
0.4499999999999999,0.454578925424321,0.0,0.3527106466361855,31.432239301512663
0.4999999999999999,0.7623099828220582,0.0680580762250453,0.3937025608684878,43.10176549788978
0.7999999999999998,0.0,0.287828947368421,0.467627367733507,38.886407877548194
0.5999999999999999,0.785396168076515,0.0469924812030074,0.2133292899132222,41.14294847981862
0.5499999999999999,0.1890368412124451,0.2261513157894736,0.3160720117570217,32.03150421897351
0.3,0.553203935164794,0.0219298245614035,0.6355323318092747,37.7666522883868
0.3,0.7595658825880184,0.0,0.322795558458524,34.55903602616356
0.25,0.3934150817412599,0.0,0.3815401247775849,25.62388016297113
0.0499999999999999,0.5769567540996142,0.0469924812030074,0.4589670616777082,28.322907424508248
0.3999999999999999,0.1536671932344265,0.0,0.2857609405617243,20.98570334490377
0.3,0.4829587448563316,0.1644736842105263,0.2133292899132222,29.019042974502003
0.3,0.5410476573169617,0.0219298245614035,0.2945787067276288,28.93890471514985
0.5499999999999999,0.2614260305404902,0.087719298245614,0.562050947093403,36.52990689698768
0.1999999999999999,0.7632697070554747,0.0,0.3157413455258004,31.975276314531875
0.1999999999999999,0.3369215693303239,0.0526315789473684,0.4603527106466361,26.24764647310821
0.15,0.3358589793301221,0.0,0.4268451992161988,22.81760446365802
0.25,0.2226679784183424,0.0469924812030074,0.540846318932537,26.51266946384717
0.3999999999999999,0.4263238729616218,0.0,0.5638597196402548,34.75458981504691
0.15,0.2200575942291275,0.0234962406015038,0.3865354110292056,19.502231146495923
0.15,0.6120393951127644,0.0243664717348927,0.6074461136512084,34.84629951247163
0.25,0.6405672670065514,0.0,0.351894186806009,31.06153634531401
0.3,0.7688758256856639,0.0526315789473684,0.583801436969301,42.63272104005833
0.3999999999999999,0.2233002972857581,0.0,0.516786414108426,28.502167784854603
0.4999999999999999,1.0,0.0,0.2005225342913132,42.51306335728283
0.5499999999999999,0.5429577100862311,0.0219298245614035,0.2593076420640101,34.35487941779111
0.25,0.7134196504782295,0.0548245614035087,0.3371979098628346,33.886053043614325
0.4499999999999999,0.8492532573397792,0.0,0.4506858262573479,43.74847708992817
0.25,0.7923680388956781,0.0,0.3896846132313141,35.8013163031748
0.5499999999999999,0.6010280542655788,0.0506072874493926,0.5129879917600357,42.865583336875176
0.3999999999999999,0.8004069110128579,0.0,0.4858564035572525,42.15658286425276
0.0499999999999999,0.3339791333192211,0.0487329434697856,0.5813193990855652,25.350786896864296
0.15,0.0086722248954219,0.1052631578947367,0.4991508817766168,19.07715661416939
0.4999999999999999,0.6909600595642963,0.0822368421052631,0.3629163945133902,40.902832404573736
0.35,0.4351117860879718,0.0234962406015038,0.2794625361575065,27.20176407117455
0.1,0.6082969691061106,0.0243664717348927,0.6401045068582625,34.31919869248164
0.1,0.5871931121241667,0.0,0.4898758981058133,29.426725255749503
0.25,0.8449722284581732,0.0253036437246964,0.4790735065065568,39.98373446723566
0.3999999999999999,0.4188453301094869,0.1535087719298246,0.570868713259308,38.58057038246548
0.0499999999999999,0.7888705955635461,0.0,0.3298497713912476,29.21800917386984
0.5499999999999999,0.5747354790515712,0.0,0.351894186806009,36.91574164643951
0.5499999999999999,0.4216019867159066,0.043859649122807,0.406270411495754,35.54330118336169
0.25,0.4039654908531898,0.031328320802005,0.4516189232061207,28.422818371532887
0.1999999999999999,0.5439161264278706,0.0219298245614035,0.5414761593729587,32.68305275905582
0.3999999999999999,0.3301552550947763,0.0234962406015038,0.4526686572734903,30.15800382424426
0.15,0.2587623971199826,0.043859649122807,0.562050947093403,25.366824833404817
0.25,0.438557224714359,0.0,0.342913128674069,25.7867588347107
0.0,0.1220817366186803,0.0,0.7531025473546697,21.879607099333757
0.4499999999999999,0.2975123593234451,0.0263157894736842,0.4356629653821033,30.237277854480816
0.5999999999999999,0.9003048925794505,0.1196172248803828,0.3004572175048992,48.009483374118304
0.4999999999999999,0.3480080724597322,0.0,0.3331156107119533,29.528092079292133
0.1999999999999999,0.8882633429812684,0.0,0.4148782308481853,37.578539345736345
0.1,0.2610737747876751,0.0,0.4337734440608374,19.871180471212814
0.15,0.1426537840254084,0.0,0.3875043963221625,17.003954508689272
0.3,0.0943230054594399,0.0,0.4804866100587848,21.87024038795562
0.1999999999999999,0.2744565812277556,0.356359649122807,0.4547681254082301,32.139608893969815
0.15,0.7923680388956781,0.0,0.4085798264439675,33.77369663349114
0.15,0.6392813476781458,0.0,0.5345479145283192,33.09573155516162
0.1,0.8966701171506956,0.0939849624060149,0.4589670616777082,38.74055353086047
0.4499999999999999,0.993011823984796,0.1973684210526316,0.3386675375571522,49.4761945648645
0.3999999999999999,0.8966701171506956,0.0234962406015038,0.3770878044228793,42.43135405437697
0.1999999999999999,0.3694450661212627,0.0,0.3644909956144442,23.348401543392672
0.5999999999999999,0.395876366272452,0.0526315789473684,0.4991508817766168,38.69147067491093
0.3999999999999999,0.328229550272858,0.4166666666666666,0.4415414761593728,39.66094232747244
0.25,0.3352156575619622,0.0234962406015038,0.5565923299430815,29.13260570266369
0.25,0.33622815152918,0.0,0.4486979240621358,25.873151889782896
0.5499999999999999,0.986100308260176,0.0657894736842105,0.5062050947093404,52.70237191634317
0.25,0.5391465912676695,0.0,0.5026779882429784,32.2956144877662
0.6499999999999999,0.4838391222954149,0.0,0.3550433890081175,37.2220627825883
0.35,0.8533621406222548,0.0253036437246964,0.557076822589559,44.64356517341276
0.7999999999999998,0.495563737076941,0.1594896331738436,0.3779466777507272,45.8250012000378
0.1999999999999999,0.1938745893461568,0.0,0.3841129477968148,19.44968842857429
0.35,0.4343419011501246,0.0,0.3455957824017912,28.248442088797898
0.1,0.272856935802193,0.0274122807017544,0.6788863487916394,26.97888913238967
0.1999999999999999,0.4328071849314177,0.0,0.5251003079219929,28.947687321335263
0.3,0.5655465798714518,0.0,0.5518142300502262,35.43402024804195
0.1,0.6431500835591523,0.0,0.3928338154334234,28.399597474814392
0.7,0.4428520206197044,0.0789473684210526,0.5062050947093404,43.20011209375244
0.6499999999999999,0.4341533963701748,0.1134301270417422,0.7342507714137705,48.29585737064218
0.5999999999999999,0.1531145064529746,0.0469924812030074,0.2290753009237662,25.729557214493703
0.3999999999999999,0.4275831782481943,0.0,0.3533638145003261,29.523674818713012
0.4999999999999999,0.1928040742194089,0.0,0.4858564035572525,29.46651194441654
0.0,0.235813471404408,0.0,0.858915741345526,27.36823031874835
0.3,0.2595704298510844,0.087719298245614,0.5062050947093404,28.837370570150966
0.75,0.2151523066152581,0.7177033492822966,0.3966510302238588,51.98766715303533
0.8500000000000001,0.7951445445697857,0.390625,0.445582952318746,62.033812422213295
0.3999999999999999,0.8813773912338391,0.0,0.6296538210320048,47.7757803066461
0.1,0.8924514924677701,0.0,0.3046561537743772,32.42769115605368
0.1,0.7871305190623389,0.0,0.6195763739852569,37.66767232618989
0.35,0.3059561888054477,0.0226860254083485,0.2720781999594579,23.768010354331352
0.1999999999999999,0.5791897828186485,0.0,0.5565923299430815,33.39455281904325
0.4499999999999999,0.328229550272858,0.0657894736842105,0.2475506205094708,27.28924111166349
0.4999999999999999,0.7819445299869684,0.0939849624060149,0.4936082859009048,46.7384444573472
0.4499999999999999,0.082343998756702,0.219298245614035,0.3951665578053558,28.67022005440232
0.15,0.8004069110128579,0.0,0.2959352861377682,31.158554928765653
0.5999999999999999,0.1600598822664833,0.3508771929824561,0.1799477465708689,32.272120545495206
0.35,0.208244819412817,0.0,0.5003265839320705,26.464285083622187
0.15,0.0952610571191816,0.0,0.6353223849958014,22.014586052874577
0.1999999999999999,0.4562713013604611,0.0,0.3984323971260615,26.367592462163064
0.5999999999999999,0.8452275600631863,0.0487329434697856,0.6270411495754411,53.02504132771032
0.3,0.4562713013604611,0.0243664717348927,0.297191378184193,26.94572878198868
0.35,0.7595658825880184,0.0,0.4815153494448072,39.77703080082064
0.35,0.257734285991034,0.0,0.58458523840627,29.8079881099326
0.1,0.433573702609575,0.0,0.2007324811047866,18.35765459285904
0.35,0.1818488232967883,0.0572082379862699,0.50237128333286,27.28570861539795
0.75,0.909512205389943,0.1174812030075188,0.4778622748903607,56.37139208219557
0.35,0.1718893012837154,0.2114661654135338,0.2259260987216573,23.982039135472665
0.5499999999999999,0.163702507669299,0.131578947368421,0.1858262573481388,25.777692809646467
0.1,0.2204288012089219,0.0,0.3644909956144442,17.12299492058415
0.3999999999999999,0.4856060920913931,0.0469924812030074,0.2479705141364188,29.51422718577048
0.3,0.4343419011501246,0.0234962406015038,0.351894186806009,27.74330821394094
0.35,0.9468068236881444,0.0226860254083485,0.3997837789139393,42.98191570026081
0.3,0.1706878205499826,0.0469924812030074,0.3267005691891391,21.10952177355323
0.4499999999999999,0.995332635427285,0.043859649122807,0.4033311561071193,47.31308601643028
0.15,0.3340837265654425,0.0,0.4904590836987963,24.36357025660597
0.4499999999999999,0.9792641982623436,0.0219298245614035,0.4121489222730243,46.58357362741929
0.3999999999999999,0.3223577811841193,0.075910931174089,0.4485504697784255,31.17047955341585
0.3,0.9314123402924408,0.0,0.2931090790333113,38.1130354831438
0.3,0.8140057888745543,0.0253036437246964,0.3739386022207709,37.83120087050055
0.4499999999999999,0.0919907189889828,0.043859649122807,0.3798171129980408,24.141687027745764
0.1999999999999999,0.7595658825880184,0.0526315789473684,0.4180274330502938,35.755622364642015
0.3999999999999999,0.7176455298537777,0.0,0.3915741345525796,37.730491610158936
0.1999999999999999,0.5736296321509523,0.0253036437246964,0.340024116967291,28.47393482107349
0.6499999999999999,0.3357832230936223,0.0,0.4337734440608374,35.48891667886149
1.0,0.5265386722566197,0.1233552631578947,0.4400718484650552,52.24914459698924
0.15,0.2028397066706236,0.0,0.4337734440608374,19.66532876828653
0.4999999999999999,0.125664854957035,0.0219298245614035,0.5561724363161331,30.09417789586429
0.3999999999999999,0.6120393951127644,0.0,0.4343566296538212,36.159900619164645
0.1,0.444252799615759,0.0974658869395711,0.5584585238406268,30.00443025989893
0.25,0.3318325809555376,0.0,0.332998973593356,22.870788863722343
0.35,0.6483600681030256,0.0,0.370789400018662,34.22873670304219
0.3999999999999999,0.6444470120672962,0.0234962406015038,0.4400718484650552,37.70037752834638
0.0,0.3694450661212627,0.0,0.735467015022861,27.622802028603093
0.5999999999999999,0.6120393951127644,0.0,0.5127367733507504,43.11940421158786
0.75,0.328229550272858,0.0219298245614035,0.4826910516002614,39.57126066086308
0.4999999999999999,0.9009195508751968,0.0469924812030074,0.3959830176355319,46.09737624284341
0.8500000000000001,0.491726143888196,0.3389154704944178,0.2470162104388102,48.1914456205356
0.3,0.2647062138796996,0.0657894736842105,0.5767472240365774,30.18107279001219
0.3,0.7558885916178756,0.0,0.319268451992162,34.378926090250935
0.4499999999999999,0.9052001323805048,0.0234962406015038,0.5219511057198845,47.51618696754733
0.25,0.2541848239932026,0.0253036437246964,0.3908958448475106,23.00960781413524
0.25,0.440175203353105,0.0243664717348927,0.3886348791639453,27.57941385629857
0.35,0.5780717934273236,0.0,0.4495194550713819,34.43978121246764
0.35,0.3326935244902871,0.0219298245614035,0.3709993468321353,26.890567397095648
0.0499999999999999,0.1109730288554672,0.0,0.166557805355977,8.188270855286108
0.1999999999999999,0.4698432342264942,0.0,0.3178255448013773,24.69171947569679
0.25,0.194232536148464,0.0253036437246964,0.2654122494096365,18.373710732069924
0.7,0.3170130769953369,0.6379585326953747,0.3298497713912476,49.620534527048974
0.6499999999999999,0.590756895605275,0.0243664717348927,0.4082299150881781,41.83383206070864
0.5499999999999999,0.1853436933310521,0.0253036437246964,0.7944782193639148,38.87813891049158
0.5999999999999999,0.1896066282212626,0.287828947368421,0.4180274330502938,37.38657521599943
0.5999999999999999,0.333744976470776,0.263157894736842,0.4180274330502938,40.373257606447794
0.4499999999999999,0.8492532573397792,0.0,0.4572175048987588,43.91176905596345
0.7,0.2683176011948388,0.1644736842105263,0.351894186806009,37.11713680528435
0.35,0.5363117040432442,0.0219298245614035,0.4650555192684518,34.33242619682749
0.4499999999999999,0.1279302672142018,0.0572082379862699,0.4947036605798995,28.24605414450928
0.4999999999999999,0.7558885916178756,0.0263157894736842,0.3333768778576096,40.38953147372924
0.25,0.334649159722552,0.0234962406015038,0.4526686572734903,26.52035143993865
0.1999999999999999,0.7888705955635461,0.0939849624060149,0.5691891387515167,41.30111741802695
0.1999999999999999,0.3356958357038732,0.0,0.340024116967291,21.892998816779105
0.5499999999999999,0.3967235637200007,0.29491833030853,0.2234284555958465,36.62675874060943
0.3,0.2886560962046969,0.0234962406015038,0.2983577493701594,22.762752154409004
0.4999999999999999,0.6145521743477738,0.1461988304093567,0.5094709340300456,44.25554846967941
0.5999999999999999,0.1205305638864047,0.1134301270417422,0.5183675308002429,33.80820554320974
0.15,0.1481516875513627,0.0,0.3135205747877201,15.291806558477072
0.6499999999999999,0.6672411069916775,0.6578947368421052,0.383290778457336,58.96066555727797
0.25,0.257734285991034,0.0,0.4572175048987588,24.123794772244818
0.15,0.1157611779799744,0.0,0.4245591116917047,17.25800724179198
0.7,0.598766533794893,0.2672697368421052,0.4345607446113653,50.01492538120908
0.0499999999999999,0.5377266511798546,0.0328947368421052,0.3122142390594384,23.32089067703496
0.3999999999999999,0.6070565645638567,0.0,0.3984323971260615,35.13722404224796
0.3,0.9393226704658316,0.0,0.3114794252122794,38.77005239195277
0.3999999999999999,0.6120393951127644,0.0243664717348927,0.4016982364467667,35.9526025823606
0.75,0.5512453134526522,0.043859649122807,0.3827563683866759,43.19653327405337
0.4499999999999999,0.841230793640083,0.0487329434697856,0.5943827563683866,48.35866233695639
0.5499999999999999,0.4195324232004228,0.0219298245614035,0.3798171129980408,34.28198401899668
0.25,0.3271972977587521,0.0219298245614035,0.406270411495754,25.134938345397742
0.4999999999999999,0.3277129761401562,0.043859649122807,0.5209013716525144,34.81184992288694
0.15,0.3374923561122607,0.0,0.5125034991135577,24.999896380645463
0.35,0.1501173160812816,0.0,0.3135205747877201,20.34094727172504
0.4999999999999999,0.8170602536961581,0.0,0.6139777922926193,48.27595114971943
0.15,0.8554794369380873,0.0,0.5943827563683866,39.99655483266184
0.0,0.8930402347038408,0.0,0.5238406270411495,35.42202154362476
0.3,0.3332187900515114,0.0,0.4797517962116266,27.82426465657845
0.1,0.3437448870925609,0.0243664717348927,0.4114957544088833,21.990177830908426
0.8500000000000001,0.7190622628557297,0.131578947368421,0.2916394513389941,49.807016539078624
0.7,0.5780717934273236,0.0,0.1975832789026781,36.89137680825005
0.1999999999999999,0.2014630865648682,0.0,0.3141037603807035,17.889171173639294
0.5499999999999999,0.7092298868222693,0.0,0.4944480731548011,43.84194899942676
0.1999999999999999,0.8042572682434487,0.0,0.4858564035572525,37.25284179501753
0.4999999999999999,0.454578925424321,0.2436647173489279,0.3755715218811231,39.3453791163593
0.1999999999999999,0.5736292201925507,0.0,0.3676401978165531,28.53173545022759
0.7,0.3328101707140547,0.0,0.4180274330502938,36.27094009410871
0.1999999999999999,0.3694450661212627,0.0,0.3896846132313141,23.97824198381442
0.3,0.7700400627437186,0.0,0.48101147709247,38.77628849590472
0.5999999999999999,0.6418568404343771,0.0,0.3235513669870293,39.13520518553516
0.1999999999999999,0.8860142750677741,0.0,0.4180274330502938,37.601042702951695
0.15,0.4167922772213931,0.0,0.4709340300457221,25.94315768167788
0.1999999999999999,0.7148242410845529,0.0,0.4092096668843892,33.10084769922355
0.35,0.4481859176261914,0.0,0.3404310907903332,28.46542521041312
0.0,0.2575549865661113,0.0,0.8765512736773351,28.35265650608616
0.5499999999999999,0.7328290756823203,0.043859649122807,0.359242325277596,42.14827625206808
0.15,0.4864926990900048,0.0469924812030074,0.6132779695810395,32.41907874685129
0.4999999999999999,0.3161095261394344,0.7177033492822966,0.3325218217445518,46.658367429157074
0.1999999999999999,0.8836911621735174,0.0,0.3580666231221423,36.04394463239149
0.15,0.7888705955635461,0.0,0.3109545581785946,31.24562884355352
0.5499999999999999,0.1846556367206226,0.0253036437246964,0.3875043963221625,28.68659191918704
0.7,0.3467839590901076,0.0487329434697856,0.5911169170476809,42.16584549018936
0.1,0.7906164259790004,0.0,0.5125034991135577,35.077998127313954
0.1999999999999999,0.1721907026930417,0.0234962406015038,0.5912335541662777,24.673012436520576
0.25,0.088360447919742,0.0,0.3720216965325309,17.759553611306824
0.15,0.4976444777346654,0.0,0.1674172367561617,20.37654286227068
0.5999999999999999,0.398968501348266,0.0,0.4885695623775312,37.188451593144926
0.1,0.3688123806774345,0.0,0.540846318932537,25.241467490249285
0.6499999999999999,0.1972535932264957,0.2923976608187134,0.4866100587851076,40.65653282075792
0.6499999999999999,0.3705553004517167,0.3083881578947368,0.3629163945133902,42.29649632149609
0.3999999999999999,0.4527722035619437,0.0,0.3702645329849767,30.57591841367301
0.7,0.3152087665013829,0.2392344497607654,0.3031292678582029,38.93931210300878
0.1999999999999999,0.0916149302127274,0.0219298245614035,0.3563030698889613,16.74619561657731
0.1999999999999999,0.4481859176261914,0.0,0.3686479425212279,25.42084650368548
0.5999999999999999,0.1727947489387934,0.1174812030075188,0.3865354110292056,31.92028407438795
0.35,0.9340375654617498,0.0,0.3665904637491834,41.26570073027333
0.3,0.602298517029083,0.0253036437246964,0.5469024770135151,36.862615944182366
0.6499999999999999,0.7120190726639413,0.0219298245614035,0.3151534944480731,42.477559791835446
0.3,0.2612559173912315,0.0226860254083485,0.4028243879366653,24.66915826840613
0.15,0.7871305190623389,0.0,0.3676401978165531,32.6192679219723
0.1999999999999999,0.4562713013604611,0.0243664717348927,0.6662312214239057,33.67172486298149
0.4499999999999999,0.2637901827179471,0.0243664717348927,0.5355976485956888,31.84385757621321
0.0499999999999999,0.2602031750937019,0.0,0.4936082859009048,20.09528652486517
0.1999999999999999,0.8554794369380873,0.0,0.2959352861377682,33.78536807689639
0.3,0.8841053396520581,0.0,0.3235513669870293,37.691417665977184
0.1,0.7888705955635461,0.0,0.6636652048147798,38.81339500945815
0.35,0.6398171943311768,0.0,0.4988569562377529,37.216853764223245
0.5499999999999999,0.2485364725236297,1.0,0.6084911822338337,60.17569136893659
0.15,0.6457476417347726,0.0,0.4211766352524022,30.42310692467937
0.25,0.623369066705906,0.0,0.4250816459830173,32.46126781722308
0.5499999999999999,0.1727947489387934,0.0,0.4747130726882518,29.937695540676128
0.5999999999999999,0.3277129761401562,0.0,0.3563030698889613,32.10040115072793
0.1,0.1962074846255589,0.0730994152046783,0.2873938602220773,16.417519001307866
0.1999999999999999,0.602298517029083,0.0,0.3908958448475106,29.82985904691484
0.6499999999999999,0.0918027262236823,0.0219298245614035,0.4474199869366422,30.278813443043195
0.1,0.3688123806774345,0.0234962406015038,0.3267005691891391,20.475229761701936
0.25,0.5670522489831861,0.0,0.4306242418587285,31.191912271047865
0.15,0.8533621406222548,0.0,0.4587248153544685,36.55217389941809
0.1,0.6418568404343771,0.0234962406015038,0.5219511057198845,32.18260466889413
0.0499999999999999,0.3732677770156835,0.1409774436090224,0.6038303629747133,29.20188958998548
0.5499999999999999,0.2612559173912315,0.0226860254083485,0.3906619518457623,30.61509736613356
0.3,0.3345653247383672,0.0243664717348927,0.4768125408229915,28.39360843240628
0.7999999999999998,0.3235298154441116,0.075910931174089,0.4519419183037727,41.28456662304933
0.5499999999999999,0.8329463730291727,0.0199362041467304,0.5195653464758623,48.06119809129413
0.1,0.4374316150000186,0.0,0.5345479145283192,26.799488238208447
0.4499999999999999,0.5414289468979289,0.0,0.3122142390594384,32.59107964893418
0.15,0.2254142949770103,0.0263157894736842,0.6155453951665577,25.43188699043131
0.1,0.8966701171506956,0.1409774436090224,0.4117290286460759,38.73441473514485
0.25,0.335741144520979,0.0,0.3461789679947746,23.29800281289384
0.3999999999999999,0.3997460474300597,0.0,0.3298497713912476,28.239895470532684
0.5999999999999999,0.4882721941520732,0.3759398496240601,0.3739386022207709,45.9537661499226
0.4499999999999999,0.0783509301130105,0.0243664717348927,0.5290659699542783,27.04458429505454
0.15,0.438557224714359,0.0,0.2906596995427821,21.98042310642853
0.3,0.4282662560405416,0.0907441016333938,0.5335705759138714,33.81452333969517
0.3999999999999999,0.0785444520725456,0.0243664717348927,0.4408883082952322,23.594980802566763
0.4499999999999999,0.1553766721129905,0.3167641325536061,0.4506858262573479,34.32066577309861
0.0,0.8295951725557152,0.0,0.8765512736773351,42.65366115582626
0.3,0.3687070553663671,0.0274122807017544,0.4510940561724363,28.680334806013956
0.1999999999999999,0.988395707034592,0.0657894736842105,0.6178967994774651,46.8020495049067
0.1,0.4537184303221906,0.0,0.359242325277596,22.82401888999467
0.3999999999999999,0.0583329607080618,0.0858123569794049,0.4832022264504587,25.68368860344814
0.3,0.4803299552428995,0.0,0.351894186806009,28.305603551222717
0.6499999999999999,0.425477564492532,0.1535087719298246,0.4503592423252778,41.98363946869086
0.5999999999999999,0.1365158589959604,0.1697792869269949,0.2843387202123848,29.765846653383505
0.3,0.3363518593388376,0.0,0.1786880656900251,20.37599812572157
0.25,0.7623099828220582,0.0453720508166968,0.3298497713912476,34.68829512575006
0.6499999999999999,0.5747354790515712,0.0469924812030074,0.370789400018662,41.06293400683102
0.3,0.9976620115994858,0.087719298245614,0.5209013716525144,47.65706703744036
0.3,0.1683137210238476,0.0263157894736842,0.6190725016329197,27.84255030326129
0.3999999999999999,0.2446206981343683,0.0,0.2654122494096365,22.75082368860012
0.4999999999999999,0.1306515060877395,0.1409774436090224,0.5282495101241023,32.49696149552161
0.4999999999999999,0.993011823984796,0.0657894736842105,0.359242325277596,47.95109057366507
0.15,0.2876922696951867,0.0939849624060149,0.4369226462629463,24.2149969591037
0.3,0.4397734492842668,0.0,0.3095010802391602,26.23186323808568
0.7999999999999998,0.0542687558520577,0.2722323049001814,0.4605959593684536,39.67742550301732
0.15,0.4820804293525341,0.0,0.4684146682840344,27.51237744091421
0.3999999999999999,0.2593354409266315,0.0469924812030074,0.4589670616777082,29.132374595183677
0.75,0.2675004122878154,0.6778309409888356,0.383290778457336,51.96555329334968
0.1999999999999999,0.3241175822101494,0.0253036437246964,0.3298497713912476,21.981774933152334
0.3999999999999999,0.8492532573397792,0.0,0.3037230568256044,38.82440785413459
0.1,0.2857746118200703,0.0,0.4621162638798166,21.197271892497177
0.15,0.5758446531743067,0.0,0.5093542969114488,30.879973752143886
0.3,0.3449568976852759,0.0730994152046783,0.4572175048987588,29.381845444717825
0.1999999999999999,0.239337768250114,0.0453720508166968,0.6430325007319988,28.19355799497024
0.1,0.6304827776276617,0.0,0.2937770916216378,25.60649673123249
0.3,0.1853436933310521,0.0253036437246964,0.4485504697784255,23.97994517085435
0.5999999999999999,0.4978849820438285,0.7177033492822966,0.3218336203313341,53.43554879143648
0.5999999999999999,0.6309063064801533,0.7675438596491226,0.6347975179621161,65.8311921022848
0.4499999999999999,0.2038138084101849,0.0219298245614035,0.3063357282821686,24.551984031343927
0.3,0.1249909350258549,0.0219298245614035,0.4327237099934682,21.991111739518164
0.25,0.2551012095745184,0.0,0.4180274330502938,23.078216065620303
0.7,0.1586619667754364,0.3856624319419238,0.4180274330502938,41.55879579419135
0.1999999999999999,0.2465364207911161,0.0,0.2915116576264442,18.451201960439008
0.6499999999999999,0.8113743372912233,0.2923976608187134,0.3984323971260615,53.80510988089995
0.1999999999999999,0.5769567540996142,0.0234962406015038,0.2731641317532891,26.840428161360176
0.0499999999999999,0.5780717934273236,0.0,0.295208547168051,23.082008514884368
0.3999999999999999,0.1547769402014935,0.3054511278195487,0.6542175982084535,37.8611416557374
0.35,0.4377510083576891,0.0243664717348927,0.3951665578053558,30.182100947448443
0.1,0.3329560423147938,0.0,0.5062050947093404,23.479028425603357
0.8500000000000001,0.2044321954017031,0.259170653907496,0.4180274330502938,43.290757058987325
0.3999999999999999,0.6947410304667496,0.0205592105263157,0.3849608099281516,37.50652627303042
0.3999999999999999,0.8949075556383573,0.1196172248803828,0.4661243394097738,47.01622799821285
0.6499999999999999,0.5871931121241667,0.0487329434697856,0.2743305029392555,39.0064139633302
0.15,0.7802271870123135,0.0939849624060149,0.6447699916021277,41.7245535255114
0.35,0.4233846772289769,0.0,0.438602220770738,30.29967244999288
0.3,0.3329560423147938,0.356359649122807,0.719301110385369,42.71542004557425
0.3999999999999999,0.2463898252733183,0.0,0.4010701904235541,26.18650039242181
0.1,0.4829587448563316,0.0,0.6321731827936916,30.37829819125058
0.5499999999999999,0.4820804293525341,0.3289473684210526,0.6353223849958014,49.9087545692347
0.3,0.2576085127685862,0.0,0.3865354110292056,23.603598094944797
0.4499999999999999,0.988395707034592,0.043859649122807,0.3504245591116914,45.81699788172726
0.15,0.4537184303221906,0.0,0.3004572175048992,22.604391195677245
0.7,0.2546275164605334,0.0487329434697856,0.538863487916394,38.55559869616783
0.35,0.5456980252591298,0.1485568760611205,0.272960957417669,32.93039646844799
0.3999999999999999,0.1230785075654142,0.0263157894736842,0.1534944480731548,17.57221862780633
0.35,0.7575344838800208,0.0,0.475799004482083,39.583337209052594
0.5499999999999999,0.2547190475058297,0.219298245614035,0.2283118579656786,31.308228777138584
0.25,0.5645015973269626,0.0,0.4180274330502938,30.813225759431408
0.3,0.2857746118200703,0.0,0.4180274330502938,25.095051121759106
0.7,0.6310173388184699,0.6578947368421052,0.249688260792114,55.96500841131723
0.25,0.4418006190455472,0.0243664717348927,0.3298497713912476,26.15042155429219
0.0,0.1899141699055015,0.0,0.322795558458524,12.81774320910064
0.0,0.5349017235689076,0.0,0.8236446766819072,33.963660006270366
0.25,0.5665941920642175,0.0680580762250453,0.5305299668911458,35.379555879510214
0.3,0.986100308260176,0.0,0.5003265839320705,44.66067230480616
0.6499999999999999,0.259975378205285,0.3508771929824561,0.5179621162638797,44.47036718629052
0.7,0.494024051120373,0.259170653907496,0.3058013182115071,43.9749005809844
0.1999999999999999,0.2872116090809754,0.0234962406015038,0.540846318932537,26.2888542153754
0.35,0.9879842474667798,0.0858123569794049,0.5675460767330245,49.78356702948023
0.15,0.986100308260176,0.0,0.4239059438275636,39.000156302193496
0.7,0.3719884484158311,0.0469924812030074,0.2794625361575065,34.96108664440863
0.15,0.436656637416932,0.0,0.3204021647849209,22.676470055046323
0.35,0.0424092266378405,0.0253036437246964,0.3434155654926392,19.0282108963794
0.3999999999999999,0.8906887539488294,0.0263157894736842,0.4603527106466361,44.433931351728745
0.8500000000000001,0.7670003532387802,0.7631578947368421,0.4991508817766168,71.98272824380598
0.3,0.7802271870123135,0.0234962406015038,0.3928338154334234,37.413931076181015
0.25,0.8987909618272977,0.0,0.4306242418587285,39.485380092150656
0.4499999999999999,0.1589356889575551,0.0453720508166968,0.3116061172548932,24.147846425728627
0.1,0.1935171976166385,0.0506072874493926,0.5129879917600357,21.427811920651678
0.35,0.2674701631826822,0.0,0.3657740039190074,24.58110417754224
0.35,0.6457476417347726,0.0,0.3046561537743772,32.51009488772875
0.3999999999999999,0.4537357037048212,0.0,0.3625081645983017,30.406096707578072
0.3999999999999999,0.4181596108240367,0.087719298245614,0.5003265839320705,35.15513732504303
0.35,0.5372544486639894,0.0,0.4650555192684518,33.80774919831103
0.3,0.8860142750677741,0.1052631578947367,0.4286087524493798,42.997154635297264
0.25,0.2483017250421442,0.0,0.4621162638798166,24.01044972304902
0.3,0.4174752612279171,0.087719298245614,0.5003265839320705,32.63802858514004
0.3999999999999999,0.9030559267904212,0.0704887218045113,0.3644909956144442,43.450891105234426
0.25,0.8189689062682955,0.0,0.0,26.724222656707383
0.3999999999999999,0.995332635427285,0.1096491228070175,0.3504245591116914,46.38515793364985
0.3,0.7058402120073574,0.12531328320802,0.4684146682840344,39.98920408748529
0.3999999999999999,0.034273167723434,0.0,0.3833862088270972,20.44148441376328
0.5499999999999999,0.9445869890711656,0.4310344827586206,0.472758395459357,59.95949668222858
0.3999999999999999,0.6392813476781458,0.0,0.4243258374545116,36.590179628316434
0.3999999999999999,0.6145521743477738,0.0,0.4376224689745265,36.3043660830575
0.0,0.9423752585635244,0.0,0.360255861618505,32.56577800455074
0.0499999999999999,0.7941254630902569,0.0,0.3770878044228793,30.530331687828404
0.5499999999999999,0.7176455298537777,0.0219298245614035,0.5209013716525144,45.26191815169239
0.25,0.4188453301094869,0.043859649122807,0.6237753102547354,33.412007237175736
0.8500000000000001,0.3722279329932515,0.5139802631578947,0.4566051600261271,54.82033390443184
0.25,0.18458101979909,0.0,0.4033311561071193,20.947804397655236
0.0499999999999999,0.2024947938069901,0.0,0.6636652048147798,22.903999965544248
0.4499999999999999,0.4528944502525263,0.0487329434697856,0.4343566296538212,34.64960058440333
0.1,0.7836675143938051,0.0704887218045113,0.48101147709247,35.879192832269666
0.25,0.4161106547210809,0.087719298245614,0.4003919007184846,28.85554634212949
0.15,0.589565668507101,0.0,0.2775963422599607,25.429050269176543
0.3999999999999999,0.1626223161610739,0.0657894736842105,0.4621162638798166,27.26320134312753
0.1,0.3360358179468525,0.0,0.1632919660352709,14.98319459955309
0.25,0.7372242951073745,0.0,0.3474853037230563,33.367739970760766
0.35,0.0654916348200633,0.0,0.4033311561071193,20.47056977317957
0.1,0.7176455298537777,0.043859649122807,0.5062050947093404,34.19275684214813
0.35,0.3079453749478278,0.0,0.3055248992094421,24.08675685393175
0.5499999999999999,0.926196167547334,0.1918859649122807,0.2784128020901373,48.6623733637438
0.1,0.9009195508751968,0.0704887218045113,0.5156527013156662,39.67652434988436
0.5499999999999999,0.4312791701435329,0.2349624060150376,0.1692404590836984,34.63705088105672
0.3,0.4520551581839044,0.0,0.3331156107119533,27.12926922239644
0.1999999999999999,0.4382083013646275,0.0234962406015038,0.3896846132313141,26.284728879936136
0.0499999999999999,0.4794577822674498,0.0,0.1566436502752637,17.152535813567837
0.25,0.8924514924677701,0.0,0.257418120742745,34.996740330262874
0.7,0.5803107339965903,0.0469924812030074,0.4211766352524022,43.7119962613
0.5499999999999999,0.0387223566180255,0.0,0.2994436811639902,22.204150944550392
0.35,0.1706878205499826,0.0469924812030074,0.4621162638798166,25.744914140820164
0.4499999999999999,0.370079011840132,0.0,0.5912335541662777,35.28281415016024
0.4499999999999999,0.8987909618272977,0.0,0.332998973593356,42.04474838551634
0.3999999999999999,0.3335193550919885,0.1174812030075188,0.3959830176355319,31.174589393375985
0.25,0.24506183600808,0.0,0.3162839772898556,20.28364533244839
0.6499999999999999,0.438557224714359,0.0,0.5160026126714565,40.11399593464539
0.5999999999999999,0.1536671932344265,0.0469924812030074,0.4369226462629463,30.939558017509505
0.4499999999999999,0.4528944502525263,0.0,0.5290659699542783,35.79901050517012
0.5999999999999999,0.8895598982428824,0.3787878787878787,0.3485541238643783,55.42254752237847
0.25,0.2587623971199826,0.043859649122807,0.4474199869366422,25.001050829485795
0.1,0.9030559267904212,0.0,0.4495194550713819,36.31438454654508
0.7,0.7313725391836488,0.1096491228070175,0.1858262573481388,43.17119798347013
0.35,0.7148242410845529,0.043859649122807,0.4121489222730243,38.0208203120096
0.4499999999999999,0.7888705955635461,0.3054511278195487,0.6006811607726048,53.62507210389249
0.1,0.1812062674307236,0.0,0.172663504955556,11.346744309656993
0.4999999999999999,0.6660867565621872,0.0572082379862699,0.4180274330502938,41.03306068996877
0.75,0.2872116090809754,0.0939849624060149,0.4117290286460759,38.57314000332666
0.4499999999999999,0.5425749775375197,0.263157894736842,0.6084911822338337,46.60560136270489
0.3,0.802328623828321,0.0,0.3061096317138116,35.21095638855331
0.35,0.257734285991034,0.0243664717348927,0.5127367733507504,28.62093827691693
0.0,0.5391465912676695,0.0,0.8236446766819072,34.06978169873942
0.15,0.440175203353105,0.0,0.5160026126714565,27.65444540061404
0.3,0.1542213358972041,0.0234962406015038,0.4180274330502938,22.393625238725043
0.25,0.3358224049768954,0.0226860254083485,0.4028243879366653,25.283320458047733
0.35,0.5414289468979289,0.0263157894736842,0.5414761593729587,36.48052239361429
0.25,0.5883777452553008,0.0,0.4800783801436963,32.96140313497493
0.35,0.4406155255447336,0.0,0.3637642566447265,28.859494554736504
0.3999999999999999,0.7190622628557297,0.043859649122807,0.3768778576094056,38.49499423969856
0.3999999999999999,0.2563982939173901,0.1705653021442495,0.5421293272371002,34.227323082468494
0.1999999999999999,0.3449568976852759,0.0,0.2580013063357285,20.073955100525108
0.7,0.4226898563283521,0.3289473684210526,0.5267798824297842,49.46042767947972
0.35,0.2660842070310436,0.2436647173489279,0.3788373612018287,30.964657139545004
0.5999999999999999,0.370079011840132,0.0469924812030074,0.3770878044228793,34.85398243665047
0.35,0.7148242410845529,0.0,0.3680600914435015,35.82210831320136
0.25,0.6383197852453487,0.0,0.4180274330502938,32.658680457391064
0.15,0.5825615689157067,0.0,0.5439955211346459,31.91392725125881
0.3,0.5522234537202957,0.043859649122807,0.4033311561071193,32.48535647375556
0.15,0.6164820826527568,0.0263157894736842,0.4356629653821033,30.71152093771361
0.15,0.6470519884277014,0.0234962406015038,0.4369226462629463,31.436771882303788
0.4499999999999999,0.1550875782006106,0.0,0.3102547354670149,22.883557841690635
0.1,0.8924514924677701,0.0,0.6920080246337594,42.11148792753824
0.3,0.7871305190623389,0.0234962406015038,0.4841606792945785,39.86968597396053
0.1999999999999999,0.2583593098853107,0.0,0.438602220770738,22.42403826640122
0.1999999999999999,0.1888199626571503,0.0,0.4180274330502938,20.171184892686103
0.3,0.4829587448563316,0.0,0.3046561537743772,27.19037246576772
0.5999999999999999,0.5502695059865299,0.0219298245614035,0.5532331809274984,43.13581278688579
0.1999999999999999,0.5871931121241667,0.0,0.3625081645983017,28.742531918061708
0.4999999999999999,0.4275831782481943,0.0,0.3180927498367079,31.141898202122555
0.4499999999999999,0.6095408989970761,0.0,0.3559764859568912,35.38793462384918
0.15,0.8113743372912233,0.0,0.5421293272371002,37.58759161320809
0.1999999999999999,0.433573702609575,0.0469924812030074,0.5849351497620603,31.63753333936607
0.4499999999999999,0.4145145971434464,0.1594896331738436,0.4848286918829045,37.720823055004864
0.3999999999999999,0.8113743372912233,0.0243664717348927,0.4539516655780535,42.24231186510424
0.0,0.3694450661212627,0.0,0.8941868060091442,31.59079680326017
0.1999999999999999,0.9357882503199044,0.1814882032667877,0.4210680420730197,43.4586123914928
0.7999999999999998,0.3331136633480323,0.0,0.2240365774003923,33.92875601871061
0.3,0.7871305190623389,0.0,0.3015069515722683,34.71593676586518
0.4499999999999999,0.6813443831883095,0.0598086124401913,0.3939789798705537,39.62829938747636
0.1999999999999999,0.4829587448563316,0.0,0.3770878044228793,26.50116373198027
0.3,0.8042572682434487,0.0,0.3264583228658995,35.7678897777337
0.3,0.8132630042697603,0.0243664717348927,0.2743305029392555,35.29899947359772
0.4999999999999999,0.5972388481635772,0.430161943319838,0.3603728081193789,47.19433999006985
0.15,0.4528944502525263,0.0,0.3396472893533633,23.56354349014724
0.35,0.986100308260176,0.0657894736842105,0.4562377531025472,46.45318837617335
0.35,0.3084448312560602,0.1588021778584392,0.6551949368229013,36.81104864843502
0.35,0.6405672670065514,0.0,0.4747130726882518,36.63200849237008
